comment_id,text,video_id,video_title
Ugzge340dBgB75hWBm54AaABAg,can confirm: he never gave us up,dQw4w9WgXcQ,Unknown
UgyiYXX7uUuQU8cUcCx4AaABAg,1.6B VIEW IS FOR A REASON...GO FIGURE,dQw4w9WgXcQ,Unknown
UgzwDSCT5sgr9qgr9BZ4AaABAg,Came from caseohs video lolğŸ˜‚,dQw4w9WgXcQ,Unknown
UgzpKvt6-cwjMrD8vW94AaABAg,Never gonna rick you up never gonna roll you down,dQw4w9WgXcQ,Unknown
UgwlmbOAEfs624aEPax4AaABAg,I did not expect that chat gpt will troll me. lol,dQw4w9WgXcQ,Unknown
UgxozCVDb1oDfE-dpkV4AaABAg,Yo guys I printed a QR code on this on a shirtğŸ˜‚ğŸ˜‚ğŸ˜‚,dQw4w9WgXcQ,Unknown
UgwsVyDNmeJ6jWI3hnh4AaABAg,"Me: getting a test
Teacher: here 
Me:  thinking of this everyday 
Song: never gonna give you up 
Me: you know what â€¦ I quit",dQw4w9WgXcQ,Unknown
UgwwPnB8qtR334w63I14AaABAg,who came here from that one lemon8 post,dQw4w9WgXcQ,Unknown
UgwbhYbDSmchQmDeCgZ4AaABAg,WANT LIKE CHANKOS,dQw4w9WgXcQ,Unknown
Ugz-BoTNTnhvXOGcXz94AaABAg,bruh i was played antimatter dimensiÃ³n when i pressed a button and i got rickrolled,dQw4w9WgXcQ,Unknown
UgzGmEEm4z4ezdQMHiB4AaABAg,Thx I got new qr code for pranks to mg friends,dQw4w9WgXcQ,Unknown
UgxN3eESGRnfk19nkHp4AaABAg,I'm here because I actually genuinely wanted to hear the song again.,dQw4w9WgXcQ,Unknown
Ugyw0GA3nkkHlDU780h4AaABAg,Melhor musicağŸ˜‚,dQw4w9WgXcQ,Unknown
UgyIRoQw6n8_raD4KEl4AaABAg,0:01,dQw4w9WgXcQ,Unknown
UgwhtrAEfKT1H6JB5m14AaABAg,"A mÃºsica tocou no filme Rua do Medo:Rainha do Baile

Deu vontade de ver o clipeğŸ˜‚ ğŸ˜‚ğŸ˜‚ğŸ˜‚",dQw4w9WgXcQ,Unknown
UgzhIc7U4LmDXx31l9d4AaABAg,rixkrolled by a game ğŸ’”,dQw4w9WgXcQ,Unknown
Ugxk9EU0hQlvHWblefF4AaABAg,Alguien escucha este temazo en  mayo 2025,dQw4w9WgXcQ,Unknown
Ugwnu7D1OpJEAp3GT3B4AaABAg,"Wtf chat gpt Rick rolled me, ai is getting out of control",dQw4w9WgXcQ,Unknown
UgztjHNzqQrQeXl0rER4AaABAg,People who clicked the link by h1h1 ğŸ‘‡,dQw4w9WgXcQ,Unknown
Ugw2spqZqTHzuXdlQpx4AaABAg,Some QR code in a bar for me ğŸ˜‚,dQw4w9WgXcQ,Unknown
UgxDI3W7igeaCraCQLJ4AaABAg,I love how i can rick rolll all of my family!!!!!! MWEHEHEHEHEHEHEHE!!!!!!!!!!!! im so evil! 2025 not the anthem of the uni verse !,dQw4w9WgXcQ,Unknown
UgxmXWmEO4BS97HSORR4AaABAg,"1.6 views in 15 years, pack it up broğŸª«ğŸ¥€ğŸ’”",dQw4w9WgXcQ,Unknown
Ugz3FDlV2KuYfXCva854AaABAg,GODAAMIT Gilfoyle,dQw4w9WgXcQ,Unknown
UgwibaJHmBKYds3QR3F4AaABAg,Bro conquered 1/8B of the earth,dQw4w9WgXcQ,Unknown
UgzYVKBIDpLp4XxKtKF4AaABAg,0:43,dQw4w9WgXcQ,Unknown
UgwMnWZ-7tGMHkjvlEx4AaABAg,-people who came from the back rooms game 0:40,dQw4w9WgXcQ,Unknown
Ugx_5X-dAvN2JuprbUN4AaABAg,I have this QR code above my door saying that the person who wants to enter my room must scan itğŸ˜‚ğŸ˜‚ğŸ˜‚ğŸ˜‚,dQw4w9WgXcQ,Unknown
UgzsNizXuAamsD4Sznp4AaABAg,Just got rickrolled by an Elmwood trail,dQw4w9WgXcQ,Unknown
UgwhcVgaaubh3Rk_Hqp4AaABAg,I GOT A ADD SO I DIDN'T GET RICK ROLLED,dQw4w9WgXcQ,Unknown
Ugx0uvYjLtM4SeWuifl4AaABAg,*Never Gonna Give You Up*,dQw4w9WgXcQ,Unknown
Ugy7-Qlq6-c2y8WOB_x4AaABAg,"first it was i joke, now I love it",dQw4w9WgXcQ,Unknown
Ugzc8UxNeJy-ly2Bw-54AaABAg,ğŸ˜Š fantastic 2:52 thank u,dQw4w9WgXcQ,Unknown
UgxG3hXQnp3XKbEK9ql4AaABAg,Simplicissimus...,dQw4w9WgXcQ,Unknown
Ugxws77mZQpmFVJHyH14AaABAg,MaldiciÃ³n no otra vez de todas las canciones que tengo en una playlist privada youtube aleatoriamente tuvo que elegir esta  :/,dQw4w9WgXcQ,Unknown
UgzOdcBnghEnAFtiTiR4AaABAg,Quien vino a ca porque escaneo el perfilğŸ˜….,dQw4w9WgXcQ,Unknown
UgyCVW4GsIfi_rdaaeF4AaABAg,I scanned a qr code in a vid over ads :(,dQw4w9WgXcQ,Unknown
Ugx07zg8IEu9IqunK6N4AaABAg,ĞšÑ‚Ğ¾ Ñ Ñ‚Ğ¾Ğ³Ğ¾ Ğ²Ğ¸Ğ´Ğ¾ÑĞ° Ğ² Ñ‚Ñ‚?,dQw4w9WgXcQ,Unknown
UgwTm1jTQvRs8OUwR_54AaABAg,â¤â¤â¤â¤,dQw4w9WgXcQ,Unknown
UgyV8mXXdkB5vfQGQk54AaABAg,Hes the king of France,dQw4w9WgXcQ,Unknown
UgyUroXAI1Elelm9Uax4AaABAg,Bro....i got here ...from fuckass ao3..im going insane,dQw4w9WgXcQ,Unknown
UgwTB_6PD6lHCeznhH54AaABAg,Got rickrolled by discord,dQw4w9WgXcQ,Unknown
Ugy9D00mnm4xkLM0E4J4AaABAg,Ads be like:,dQw4w9WgXcQ,Unknown
Ugx9ZBHVFJ0REP2hPTV4AaABAg,I got rick rolled on link how to become sigma,dQw4w9WgXcQ,Unknown
Ugya61R5VxukrOfsbPV4AaABAg,ZeskanowÅ‚em kod QR ze sklepu hauki,dQw4w9WgXcQ,Unknown
Ugy6Pp6QAodmWSWqBWZ4AaABAg,I came from temu,dQw4w9WgXcQ,Unknown
UgyA7vBoV6ADMbBlKD14AaABAg,Who else came from Billy binges ?,dQw4w9WgXcQ,Unknown
UgzxeV-sDkmxT4923YJ4AaABAg,bro i scanned a qr in starving artists in roblox ( hand drawn ngl he has no life),dQw4w9WgXcQ,Unknown
Ugz-giNtTHk52mdLGJd4AaABAg,â¤â¤â¤â¤,dQw4w9WgXcQ,Unknown
UgycE-Xb0E7hjoYf4OZ4AaABAg,Got rickrolled by everyone who said this video got taken down,dQw4w9WgXcQ,Unknown
UgwQ6qvPAaGulwZ3jJZ4AaABAg,God dammit they got me ğŸ˜‘ thatâ€™s two days in a fkn row,dQw4w9WgXcQ,Unknown
UgxmFSwEpRvLfXPLeYd4AaABAg,That's mm ringtone (THE BOYS ),dQw4w9WgXcQ,Unknown
UgzqpTZvned75XGslmR4AaABAg,"Hook, line and sinker. Anyone else fall for the taken down one",dQw4w9WgXcQ,Unknown
UgwNpo5xXi-iRChXpKR4AaABAg,"So, who else was sent here by the giant floating qr code in Hermitcraft season 9? ğŸ¥²",dQw4w9WgXcQ,Unknown
Ugzk5JC52-OJuzycmDt4AaABAg,"I got Rickrolled 3 times this week:
Fear Street: Prom Queen
Caseohâ€™s video (MR. JONES!!!)
At a sushi restaurant
MR. JONES!!!",dQw4w9WgXcQ,Unknown
UgyHWESgM5lo8CaqrwV4AaABAg,We get Rick rolled by Rick himself,dQw4w9WgXcQ,Unknown
UgwFd8unS8dYOYMsG1l4AaABAg,Got rickrolled by my teacherğŸ˜­,dQw4w9WgXcQ,Unknown
UgyX1BAwYYmTvRp6tgh4AaABAg,Thought this got taken down!,dQw4w9WgXcQ,Unknown
UgxKp6R-zqZuzn2Bd0t4AaABAg,Ricky i love you,dQw4w9WgXcQ,Unknown
UgwTcwo5aDjrLPvv9fN4AaABAg,Iâ€™m going to report this so the YouTube moderators have to look at this,dQw4w9WgXcQ,Unknown
Ugwsj_yXghm2EPpzOGJ4AaABAg,"I just got Rick rolled, unbelievable.",dQw4w9WgXcQ,Unknown
UgwAbuW6SgFw6BaArRZ4AaABAg,Cevher was here,dQw4w9WgXcQ,Unknown
UgzaQhvUcPajgWSGZIl4AaABAg,"DoÄŸukan adaldan gelenler
ğŸ‘‡
ğŸ‘‡
ğŸ‘‡",dQw4w9WgXcQ,Unknown
UgyWvccskWSN-KqVqnp4AaABAg,lol,dQw4w9WgXcQ,Unknown
UgxLEFskq8HeMan_zAl4AaABAg,â¤â¤â¤â¤â¤â¤â¤,dQw4w9WgXcQ,Unknown
UgzJmay0Ajv4EgnL7oJ4AaABAg,YOU PRANK FUCKERS I THOUGHT IT WAS REMOVED BUT NOW I GOT RICKROLLED,dQw4w9WgXcQ,Unknown
UgwoaoDdLb2-VuFpAZp4AaABAg,Rick rolled my lil bro,dQw4w9WgXcQ,Unknown
UgyrMlGthhW9hxNiHrh4AaABAg,"I GRADUATED IN 1983  IN W WEST LOS ANGELES, BUT STILL FEEL LIKE THIS WAS PART OF MY HIGH SCHOOL YEARS  MY MAIN  GENRE WAS RAP / HIP HOP.  IT MIGHT MIGHT NOT MEAN MUCH TO OTHERS BUT AS A BLACK MALE AT THST TIME IT WAS ICE CUBE / PUBLIC ENEMY,   NEVER GONNA GIVE YOU UP,   IS ONE OE THE MAIN  ,  MAIN , MAIN SONGS THAT BROKE THRU TO KEEP MY EYES AND EARS OPEN TO OTHER  MUSIC.      YOU RICK ASTLEY IM MY EYES ARE A TRUE LEGEND.,    THANK YOU FOR MANY YEARS OF TAKING , FROM A HAVE A SAD/BAD DAY TO HAPPY TIMES WHEN THIS SONG COMES ON ,,   SALUTE TO YOU MR ASTLEY !",dQw4w9WgXcQ,Unknown
UgzR8sL63U3jsX9UOO14AaABAg,2018 me was pulling a prank on present (29th may 2025) me and it worked.,dQw4w9WgXcQ,Unknown
Ugw9igy-AE8n3bqXTSx4AaABAg,I got rickrolled by my country's public transit website...,dQw4w9WgXcQ,Unknown
UgytYlwOyI4qIgQ3Zud4AaABAg,I scan a QR code add a random McDonald's thought it was a McDonald's QR code,dQw4w9WgXcQ,Unknown
UgwyUBMEEdwJZrszU5h4AaABAg,Bro i scanned a QR codeğŸ˜‚,dQw4w9WgXcQ,Unknown
UgyWg6YpXJWdDEiH9fF4AaABAg,When your 29 and happy to get rik rolled as it's a banger,dQw4w9WgXcQ,Unknown
UgxfcDgy9S-wylSSVBN4AaABAg,I scanned the barcode in the game and came here ğŸ˜‚ğŸ˜‚ğŸ˜‚,dQw4w9WgXcQ,Unknown
UgxWPGhTlqC0BfAvJsx4AaABAg,Just got Rick rolled by running with scissors ğŸ˜¢,dQw4w9WgXcQ,Unknown
UgzJGgsI7c35MPuCSsx4AaABAg,PoprowadziÅ‚ mnie tu disstream,dQw4w9WgXcQ,Unknown
Ugwmcr-YPMIY41nuRG54AaABAg,The song plays so well in the bathroom taking a shit ğŸ˜…,dQw4w9WgXcQ,Unknown
UgwDZUCjqk0aDzTkmg94AaABAg,Bro this game to me ChatGPTğŸ˜­ğŸ˜­,dQw4w9WgXcQ,Unknown
Ugx4DIZvDdFiHfUSB714AaABAg,Im a recovering coke addict and alcoholic 23 year's old,dQw4w9WgXcQ,Unknown
UgxkwK9Z4y9ZH4VqPSN4AaABAg,Shame on you NSA!!,dQw4w9WgXcQ,Unknown
UgzrXG0r1BkNCqTX3c94AaABAg,ZeskanowaÅ‚em kod od @Kacpera Rietz i przyniosÅ‚o mnie na ten film,dQw4w9WgXcQ,Unknown
Ugxiac3GiVJGdS5CQi94AaABAg,Save 7,dQw4w9WgXcQ,Unknown
UgwE858xm2ZaHuGaOs54AaABAg,Day 1318 of getting Rickrolled Everyday,dQw4w9WgXcQ,Unknown
UgwUq_EJaRZCla6SrZN4AaABAg,My playlist just rickrolled me,dQw4w9WgXcQ,Unknown
UgxBQeNflYLX9efC9814AaABAg,I got Rick Rolled by CornHubğŸ˜‚,dQw4w9WgXcQ,Unknown
UgysEpZWZg_cGm_zHBl4AaABAg,I record my friend,dQw4w9WgXcQ,Unknown
UgyhE4mpVH-c0GwxYzV4AaABAg,Rickroll brought me here. Admiration made me stay.,dQw4w9WgXcQ,Unknown
UgxsXYxOoFIOLST3i554AaABAg,I love this video,dQw4w9WgXcQ,Unknown
UgyQtTgj1Y5Qho4d_px4AaABAg,Legendary song and troll,dQw4w9WgXcQ,Unknown
Ugw-2rZpGM7fBjuKeeR4AaABAg,Bruh,dQw4w9WgXcQ,Unknown
Ugy2ZMcBLA4m81V1NAZ4AaABAg,He kinda looks like my brother,dQw4w9WgXcQ,Unknown
UgyoeB0T82-HCi21OMZ4AaABAg,imagine getting rickroll by a penguin extension,dQw4w9WgXcQ,Unknown
Ugza3_YGmbZezgRpa4h4AaABAg,Who is here because of H1t1?,dQw4w9WgXcQ,Unknown
Ugyv9FetKREDNhlLL0B4AaABAg,TF is Rick rolled?,dQw4w9WgXcQ,Unknown
UgxeVi4DyfayEAu30tt4AaABAg,family guy got me herğŸ˜‚,dQw4w9WgXcQ,Unknown
UgxqK8FRzY4mhOolNPJ4AaABAg,Got rick rolled by Alan becker,dQw4w9WgXcQ,Unknown
UgzHP7o03meM_-HFrdx4AaABAg,Love you 7,dQw4w9WgXcQ,Unknown
UgxzV084k-1SP6HaqK14AaABAg,I love this song,dQw4w9WgXcQ,Unknown
UgwGpVNvBbbXvHUhXBF4AaABAg,i got rickrolled from H1T1 ;--;,dQw4w9WgXcQ,Unknown
UgzC9PoTrtrpobN5I4d4AaABAg,i love rickrolling haha,dQw4w9WgXcQ,Unknown
UgxJD4gKDJSJgVrq6NB4AaABAg,anyone watching in 2025???,dQw4w9WgXcQ,Unknown
UgxAvxPIErjwCFDOMmR4AaABAg,Who else got rickrollee by first class maths,dQw4w9WgXcQ,Unknown
UgxnWjdRj3Z3AuLRihp4AaABAg,Rickrolling people on discord by screen sharing,dQw4w9WgXcQ,Unknown
UgwNrKmH3NtJWEB-veV4AaABAg,0:43 Rick rollll,dQw4w9WgXcQ,Unknown
Ugxn7QVCxA9Dkq-9fGZ4AaABAg,0:42 PRESS,dQw4w9WgXcQ,Unknown
Ugz9JvmSCg6RQR0DuOt4AaABAg,Ä± just cliced the my birhtday gift ğŸ˜­ğŸ˜­ğŸ˜­ğŸ˜­ğŸ˜­ğŸ˜­ğŸ˜­ğŸ˜­ğŸ˜­ğŸ˜­,dQw4w9WgXcQ,Unknown
UgxhQyDMqz-9SJUimOJ4AaABAg,guys I think he never gave us upğŸ‘,dQw4w9WgXcQ,Unknown
Ugx7zF6f8h2DAFQQwQl4AaABAg,i cant believe i got rick rolled by a grub menu,dQw4w9WgXcQ,Unknown
UgzhxX0h5OW_cUdfx5l4AaABAg,I came back 2025 to watch it all over again .. 29/05/25,dQw4w9WgXcQ,Unknown
UgwjGegs6ulA_hgdcXJ4AaABAg,1.65 TRILLION VIEWS. WHAT THE FUUUUUUUUUU-,dQw4w9WgXcQ,Unknown
UgxXfz3edYKkSQ_bWqp4AaABAg,The music that always makes me hapy,dQw4w9WgXcQ,Unknown
UgwYxQMYZV5q3C24MAd4AaABAg,Just got rickrolled by someoneâ€™s discord bio ğŸ˜“,dQw4w9WgXcQ,Unknown
UgzzuVGb6mB7Nerw6ad4AaABAg,"I was searching up how to make a hat in Roblox and then it showed a YouTube link saying, â€œhow to make hats in Robloxâ€ and I got rickrolled ğŸ˜­ğŸ˜­",dQw4w9WgXcQ,Unknown
UgxId03DA5nMksOzN0d4AaABAg,Rick roleada,dQw4w9WgXcQ,Unknown
UgxnfEB5abQ8e-x24tp4AaABAg,Got rickrolled by a qr code in a zombie movie ğŸ˜‚,dQw4w9WgXcQ,Unknown
Ugz5jp-SV3sPhThsMit4AaABAg,Never gonna let you up never gonna let you downğŸ˜…ğŸ˜…ğŸ˜…ğŸ˜…ğŸ˜…ğŸ˜…ğŸ˜…,dQw4w9WgXcQ,Unknown
UgxTVbzKM0MpXGJim6Z4AaABAg,Who came from the game an elmwood trailğŸ‘‡ğŸ‘‡ğŸ‘‡,dQw4w9WgXcQ,Unknown
Ugzzi5iBifCLRBBENKN4AaABAg,"Rickrolled, Damn! it got me from CaseOh ğŸ˜¢ I scanned the backrooms qr code before he did",dQw4w9WgXcQ,Unknown
UgyH4NlaHz7i8w2MzZB4AaABAg,Im gonna try to rick roll my teacher wish me luck,dQw4w9WgXcQ,Unknown
UgxeE77Ry7-xzPz3PAV4AaABAg,Ads save me,dQw4w9WgXcQ,Unknown
Ugw-lxQbWPNhkJuhc_14AaABAg,A nÃ£o kskskskaksks,dQw4w9WgXcQ,Unknown
UgwbVy32Mr02TdedYWR4AaABAg,Sup,dQw4w9WgXcQ,Unknown
UgzKsjO7YWHwrMsqaQR4AaABAg,Bruh it got from escape ps2 hagird to this of the qr,dQw4w9WgXcQ,Unknown
Ugy1t7BjLrPimVuVyx54AaABAg,Dam they got me,dQw4w9WgXcQ,Unknown
UgxrxTTJinJxg62Eb-B4AaABAg,I got RickrolledğŸ’€ğŸ’€,dQw4w9WgXcQ,Unknown
UgwTfSbFFARKZjpPU8J4AaABAg,"The legend will never faid,we will never give you up rick",dQw4w9WgXcQ,Unknown
UgyrTsnQx4ItzQ2EiTJ4AaABAg,Dannymulligan,dQw4w9WgXcQ,Unknown
UgyBpEHIQMznVOqZBsZ4AaABAg,I still canâ€™t believe that this song is 15YEARS OLD,dQw4w9WgXcQ,Unknown
Ugxyy931zbvbNV3vugN4AaABAg,â¤,dQw4w9WgXcQ,Unknown
Ugy3nXF3tXD66Rf43P14AaABAg,â˜†EVERYBODY MAKE YOU AREâ˜†,dQw4w9WgXcQ,Unknown
UgzpO6DYhFNpeQbbk8h4AaABAg,"Deepseek rickrolled me, wtf",dQw4w9WgXcQ,Unknown
Ugy8wAkJ3niGF-1crut4AaABAg,this is the 10th time i have being rickrolled today WTF,dQw4w9WgXcQ,Unknown
UgxmdxuSGTydaTX0ZD94AaABAg,"Bro i find Roki VuloviÄ‡ channel ğŸ˜­ 
He is still give heart to people comment",dQw4w9WgXcQ,Unknown
UgwmwHLG9t5S-ife9bh4AaABAg,Youtube recommended me this .,dQw4w9WgXcQ,Unknown
UgwYDmimhWKrvpnhhf54AaABAg,â€¦I came here from a game called circloO and a level by ? and it was called ?,dQw4w9WgXcQ,Unknown
Ugx5oNr8EP98M96lDWV4AaABAg,ĞºÑ‚Ğ¾ Ğ¾Ñ‚ Ğ½Ğ°Ğ¹ÑĞ°?,dQw4w9WgXcQ,Unknown
Ugx7Yvf5Au9aD0pW1OR4AaABAg,"my dad remembers listening to the song when it came out back in 87, he still listens to it everyday. he doesnt know that rickrolling exists lol",dQw4w9WgXcQ,Unknown
UgyXezEGA71zEY8pbNN4AaABAg,Just rickroll my self damn out,dQw4w9WgXcQ,Unknown
UgyAxH-vH1hZ-IxnqLR4AaABAg,The big voice coming out of that small-medium sized guy is unexpected and very cool.  ;),dQw4w9WgXcQ,Unknown
UgwvzAQ2XyaSaBgdGwR4AaABAg,I got rickrold,dQw4w9WgXcQ,Unknown
UgwB7S17EMRGunEzJ-54AaABAg,"1,6B people are watchingğŸ˜®",dQw4w9WgXcQ,Unknown
UgzuALbAuDyse_Uk3eB4AaABAg,"When they say gingers are black, this is what they mean..........",dQw4w9WgXcQ,Unknown
UgxGecW43uOHfcKbu5t4AaABAg,Again rick rolled,dQw4w9WgXcQ,Unknown
UgwGlhS-2XWfCd_hiMt4AaABAg,Every minute somebody comments. Funny right?,dQw4w9WgXcQ,Unknown
Ugw1Mp8mfdJ6tE6u2_R4AaABAg,"I am the 2,392,198 comment. YAY!",dQw4w9WgXcQ,Unknown
UgyFajGYwu_fkbUIFzp4AaABAg,Aayo what the,dQw4w9WgXcQ,Unknown
Ugw8M1h03LgYt_RjwKh4AaABAg,"dang, 1.6B views",dQw4w9WgXcQ,Unknown
UgzTfVt3QL4Rm-liNh14AaABAg,someone put QR code on wc and i scan it and see this,dQw4w9WgXcQ,Unknown
Ugxo7skiBp9LtDot87h4AaABAg,Bro got 1B views,dQw4w9WgXcQ,Unknown
UgxZXUDj4YBJo8pduJV4AaABAg,I got Rick rolled againâ€¦â€¦â€¦GOD DARN IT,dQw4w9WgXcQ,Unknown
UgwXdxdv3NrNdZK_zZ14AaABAg,thanks Discord,dQw4w9WgXcQ,Unknown
Ugy5AM4IImn19SAKSqh4AaABAg,get ricked by qr code,dQw4w9WgXcQ,Unknown
UgxF2L787aol-ofhT9h4AaABAg,â¤â¤â¤â¤â¤â¤â¤â¤â¤â¤â¤â¤ 0:22 0:23,dQw4w9WgXcQ,Unknown
UgwLdInwIRzSPSm_MZB4AaABAg,best song ever,dQw4w9WgXcQ,Unknown
Ugyn-GlGbY8e3TL4GJ14AaABAg,ğŸ˜‚ğŸ˜‚ğŸ˜‚,dQw4w9WgXcQ,Unknown
UgxE1Sdckl9Gjbdzs7V4AaABAg,What a brilliant song..,dQw4w9WgXcQ,Unknown
UgzVazVZPyzbDiX1X9Z4AaABAg,The best song,dQw4w9WgXcQ,Unknown
UgwZF8_pG8iVZQd-NYp4AaABAg,my friend got rickrollesğŸ˜‚,dQw4w9WgXcQ,Unknown
UgweumOqgpxA8c0nfLR4AaABAg,"Kto od hauki i Kacpra riteza?
ğŸ‘‡",dQw4w9WgXcQ,Unknown
Ugx-wwPacw9yKGdu7gB4AaABAg,Musica linda,dQw4w9WgXcQ,Unknown
UgxDQINMIyac7mg8e1Z4AaABAg,"I
I
I
I
I


I
Km
Ik
I
7
I
Km
Im
Im
mi


Km",dQw4w9WgXcQ,Unknown
Ugw0NEBJByR5u3sIyuF4AaABAg,Note this: This video is older than the creator.,dQw4w9WgXcQ,Unknown
Ugyk91H2YhNLoUEzmxp4AaABAg,"38 years for a song to get immortalized by a funny gag, deeming it being the King Meme of 2008 for YouTube's April Fools joke ğŸ˜‚ğŸ˜‚ğŸ˜‚",dQw4w9WgXcQ,Unknown
UgyS158mgFHuJduNx0x4AaABAg,ĞœĞ•ĞĞ¯ Ğ—ĞĞ Ğ˜ĞšĞ ĞĞ›Ğ˜Ğ›Ğ˜ ĞĞ Ğ‘Ğ•Ğ¡ĞŸĞ›ĞĞ¢ĞĞ«Ğ• Ğ ĞĞ‘Ğ£ĞšĞ¡Ğ«,dQw4w9WgXcQ,Unknown
UgwKhLweKvTNoTCG5DN4AaABAg,I got rickrolled by a caseoh video..,dQw4w9WgXcQ,Unknown
UgwZEWs3RU-5fqAgDcx4AaABAg,Rick roll in the big 25ğŸ˜¢,dQw4w9WgXcQ,Unknown
UgxVpk6KluyoYjFBArd4AaABAg,Rickrolled by a damn discord link,dQw4w9WgXcQ,Unknown
UgwNh1pMO96MvdjTl2t4AaABAg,do you guys realized YouTube commented and THE RICK ASTLEY LIKED THE COMMENT GUYS HE IS STILL ACTUVE ON THIS CHANNEL!!,dQw4w9WgXcQ,Unknown
UgzftEGBR3MD07gLgC54AaABAg,Estas canciones nunca pasan de modağŸ‘ŒğŸ»,dQw4w9WgXcQ,Unknown
UgzJ4KF3WbUR_Bk5I7B4AaABAg,ğŸ¥°â¤ï¸âœ¨ï¸ğŸ‘ŒğŸ»,dQw4w9WgXcQ,Unknown
UgzOnyGTv1YfOTDoLft4AaABAg,Just saw video of Rick BBC new year 2024. Vibe is still going strong ğŸ‰damn still looking good and young,dQw4w9WgXcQ,Unknown
UgwxlELBWoXOb0_mQDp4AaABAg,O PURO SUMO DOS ANOS 80,dQw4w9WgXcQ,Unknown
UgyobTooCGBiJDSkNjN4AaABAg,Must of made a killing with this song!,dQw4w9WgXcQ,Unknown
UgyC3RIcLTapklAAiT94AaABAg,Ok but can we get Battle Front 3,dQw4w9WgXcQ,Unknown
Ugxr71lzFXZ5r0ejOf14AaABAg,who is here from elmwood trailâ€¦,dQw4w9WgXcQ,Unknown
UgylKcKptjJDXabdte14AaABAg,"i got sent here by a fucking GTA 4 mod
bravo",dQw4w9WgXcQ,Unknown
UgwA0YI8h-bTbeiBCSx4AaABAg,i got rickrolled,dQw4w9WgXcQ,Unknown
UgxFPWXglRjmcvLXUlN4AaABAg,"Not Cool, Red Stick Figure",dQw4w9WgXcQ,Unknown
UgynoW53_r2SGbPguJx4AaABAg,Rickroll was died by DCMA,dQw4w9WgXcQ,Unknown
UgxWFtfKcovQLX4J3zZ4AaABAg,I just found this from a caseoh vidâœŒï¸,dQw4w9WgXcQ,Unknown
Ugzq--PX3Uv9wdnvCGJ4AaABAg,THE AD SAVED ME,dQw4w9WgXcQ,Unknown
UgxHGnUEyPHC_pDOBHB4AaABAg,BATTLEFRONT 3!!!!!!!!,dQw4w9WgXcQ,Unknown
Ugxx2b072500azeWJ594AaABAg,Meu filho adora essa mÃºsica â¤tem 8 anos curtimos no carro.. adoro vÃª lo cantar.â¤ğŸ˜‚,dQw4w9WgXcQ,Unknown
UgxEkT6_dRjWisWErAd4AaABAg,Tu eres richtoriado tu:ğŸ¤¡ğŸ¤¡ğŸ¤¡ğŸ¤¡,dQw4w9WgXcQ,Unknown
UgzVlmXYZrT5aZvkuCZ4AaABAg,Vim pelo Bistecone ksksksksksk,dQw4w9WgXcQ,Unknown
UgxTgflZyjtKncg00hh4AaABAg,Haha,dQw4w9WgXcQ,Unknown
UgzHOYWH8eIoIaa7jsZ4AaABAg,the backrooms wiki just rickrollwd me agai shdhbdd,dQw4w9WgXcQ,Unknown
UgzFPEnzUXTKPwYSyb54AaABAg,What the hell is this dude i got rick rolled freaking hate this,dQw4w9WgXcQ,Unknown
Ugw_JrPzgoVTRPAVBtl4AaABAg,â¤â¤â¤â¤forever ğŸ˜»,dQw4w9WgXcQ,Unknown
Ugx0jnoZrAhu9ie8-fN4AaABAg,BLOCK STRIKE!!,dQw4w9WgXcQ,Unknown
UgzdZPGikAPoTUA692d4AaABAg,Banger 2025,dQw4w9WgXcQ,Unknown
UgwHGh93di8YEtAPf2F4AaABAg,Good songğŸ‰no lie ğŸ‘,dQw4w9WgXcQ,Unknown
UgxNlrXpUN5W_bn1JHl4AaABAg,wait this isnâ€™t free vbucks,dQw4w9WgXcQ,Unknown
UgyBhPkxboO7Q0m1NYN4AaABAg,Dam even YouTube Rick rolling me,dQw4w9WgXcQ,Unknown
UgwT1mr2vnBa60b-PFF4AaABAg,There was a thing in my hotel room that said WiFi code with a QR code and it led to this,dQw4w9WgXcQ,Unknown
UgwHKFELdsd7QBpk-5x4AaABAg,Rick rolled by An Elmwood Trail ğŸ˜‚,dQw4w9WgXcQ,Unknown
UgwhjmabNkSk94nkXhN4AaABAg,from israel.and you?,dQw4w9WgXcQ,Unknown
Ugx2Bp7Ka8eaoxHmeJR4AaABAg,"heck, i was rickrolled by myself",dQw4w9WgXcQ,Unknown
UgwhvJQBQVGCrNVHoTZ4AaABAg,Whoâ€™s here from the Fenix A321-200 ğŸ˜,dQw4w9WgXcQ,Unknown
UgxJbGJKw1VQiN6L9lt4AaABAg,"I fell for that takedown post, goddammit.",dQw4w9WgXcQ,Unknown
UgxU3otN4VBmmSJ146N4AaABAg,I got Rick rolled by chat gpt,dQw4w9WgXcQ,Unknown
Ugzv0wPF8oADGTYgO6R4AaABAg,Damn thats rough,dQw4w9WgXcQ,Unknown
UgxQyBHqhOctg5Kp3pt4AaABAg,wait this is not free robux...,dQw4w9WgXcQ,Unknown
UgxwJ4FhHLLXCoRrTIB4AaABAg,Itâ€™s so good!,dQw4w9WgXcQ,Unknown
Ugwkn5CKba5UaBhmY414AaABAg,Peak,dQw4w9WgXcQ,Unknown
Ugy7jOpj-lExeoVYvch4AaABAg,Watching this over 36 years after this thing came out Iâ€™m old ğŸ’€,dQw4w9WgXcQ,Unknown
UgzSLACGG-b5bjs6tvB4AaABAg,"If someone rick rolled me, i get more excited cause i like this so much",dQw4w9WgXcQ,Unknown
Ugx1i6oLuUW6b8tEYx14AaABAg,H1T1 gave us this link ğŸ˜Œ,dQw4w9WgXcQ,Unknown
UgyOiNfcfILFlixFz-h4AaABAg,"got rickrolled by chat gpt, as he fails to deliver an edit 3 times earlierğŸ˜”",dQw4w9WgXcQ,Unknown
UgyLOu6dbnJC_s4CPaZ4AaABAg,I sent this to my group chatğŸ˜‚ğŸ˜‚,dQw4w9WgXcQ,Unknown
Ugwdhg30YUipm62HDfV4AaABAg,This is too emotional and niceğŸ˜­ğŸ˜­ğŸ˜­ğŸ˜­ğŸ˜­ğŸ˜­â¤â¤â¤â¤â¤â¤,dQw4w9WgXcQ,Unknown
Ugy8ls-JpnX-xkwdNWh4AaABAg,I trolled someone and acted like i they gonna get a free bitcoin and they told me to go fuck myselfğŸ¥²,dQw4w9WgXcQ,Unknown
Ugy6Tc-Fs-kR8QJxpLR4AaABAg,song still slaps in big 25,dQw4w9WgXcQ,Unknown
UgxenvwlwX8n5xMBwax4AaABAg,COLOOOOOON!,dQw4w9WgXcQ,Unknown
UgxBirQrjy2z9PmfwpF4AaABAg,why i didnt get bobuk,dQw4w9WgXcQ,Unknown
UgzoSMDzu66SNAzeiZ14AaABAg,I remember,dQw4w9WgXcQ,Unknown
UgwoAWVQNLa55aFJ8wF4AaABAg,whos here in 2025,dQw4w9WgXcQ,Unknown
Ugy7lOrKOxdi1yDEYmN4AaABAg,Xd,dQw4w9WgXcQ,Unknown
UgzQA1uhRyLK5SApMYV4AaABAg,1.6 billion done. 6.6 billion left.,dQw4w9WgXcQ,Unknown
Ugzl_xhxBlvwnUV-r4V4AaABAg,"I was born in Gen Alpha and I LOVE this song, itâ€™s just sad that people now grow up with â€œSKibIDi SiGmaâ€. Gen Alpha is crap.",dQw4w9WgXcQ,Unknown
Ugzz6HYHmpKJYOTMyX54AaABAg,i skipped the fucking rickroll partğŸ’€ğŸ’€ğŸ’€ğŸ’€,dQw4w9WgXcQ,Unknown
UgyHutHz4QXMsV7vHHN4AaABAg,Who came by TryHackMe?,dQw4w9WgXcQ,Unknown
Ugy16EP-WXaxCaykEel4AaABAg,"this is the 2.392.145th comment





























im special",dQw4w9WgXcQ,Unknown
UgxeXPy-dtW6oqd1Bix4AaABAg,Noice,dQw4w9WgXcQ,Unknown
UgzuqLoEH-rifE748hZ4AaABAg,Hallo,dQw4w9WgXcQ,Unknown
UgwwcNu-fjucPCGMqdp4AaABAg,0:00 if you play scary game you get jumpscare,dQw4w9WgXcQ,Unknown
UgwnOa3McyPBwU3fk_h4AaABAg,1B people got rickrolledğŸ˜¢,dQw4w9WgXcQ,Unknown
UgwENfKOYbzCAaun-Kx4AaABAg,Nice song,dQw4w9WgXcQ,Unknown
UgwViMAVoQTllwupRct4AaABAg,Noo the backrooms game loed to me,dQw4w9WgXcQ,Unknown
UgwB3GFyhpmW7G6Q7PZ4AaABAg,insane that gummy bear has more visits than this,dQw4w9WgXcQ,Unknown
UgxIry490y3k7E4Pa0F4AaABAg,I found this on vat19,dQw4w9WgXcQ,Unknown
Ugwn1eOHAYmGu10pRkB4AaABAg,Day 1317 of getting Rickrolled Everyday,dQw4w9WgXcQ,Unknown
UgwGJ7MyvMlLHYsflkt4AaABAg,We asked our lecturer to give us a sneak peek of the exam we gonna write and this is what he gave us ğŸ˜‚. May 2025,dQw4w9WgXcQ,Unknown
UgwwjaSU0bpjFO8HoQ54AaABAg,I had to learn to recognize this link the hard way,dQw4w9WgXcQ,Unknown
UgwPmdx6oGK9wR5923Z4AaABAg,Bistecone,dQw4w9WgXcQ,Unknown
UgwqOJwYdl2N3UZmLch4AaABAg,0/10,dQw4w9WgXcQ,Unknown
Ugzu0flYBu2xddT3vQN4AaABAg,ich habe gerade dieses video in den quellen meines politik referates verlinkt ich hoffe meine politiklehrerin wird nicht zu verwirt sein falls sie rickrolling nicht kennt,dQw4w9WgXcQ,Unknown
UgysVSYA2-EJChF8C494AaABAg,It got over 1Billion viewsğŸ’€ğŸ˜®,dQw4w9WgXcQ,Unknown
UgxsprV-n_F5rzCzWfJ4AaABAg,Ğ¯ ÑĞºĞ°Ğ½Ğ¸Ñ€Ğ¾Ğ²Ğ°Ğ» ĞºĞ¾Ğ´ Ğ² Ğ³Ğ´,dQw4w9WgXcQ,Unknown
UgwUdim7pmO1FMklgP14AaABAg,WHY WAS THIS RECOMMENDED TO MEğŸ˜­ğŸ˜­ğŸ˜­ğŸ˜­ğŸ˜­,dQw4w9WgXcQ,Unknown
UgzS7eGTlGyxKCsgVkt4AaABAg,RickrollğŸ˜…ğŸ˜…,dQw4w9WgXcQ,Unknown
UgyHbeSQjaqkBhniOOV4AaABAg,Wtf Scan QR Code In World War Z Game..Its Direct Bring Me HereğŸ˜…,dQw4w9WgXcQ,Unknown
UgwdduFWlIGD3stKOmJ4AaABAg,Iam Rickrolled,dQw4w9WgXcQ,Unknown
UgxqN-gPExjxjaZ6LK14AaABAg,Bro this is GOLDEN,dQw4w9WgXcQ,Unknown
UgyNQ4j8Ct-GsH0M3TR4AaABAg,Rickrolled i am coming ğŸ˜‚,dQw4w9WgXcQ,Unknown
Ugyly5dGkoeua1c0GZZ4AaABAg,fell for it again,dQw4w9WgXcQ,Unknown
Ugwt94ILPl9d1HX5D4t4AaABAg,Ffs,dQw4w9WgXcQ,Unknown
UgwCgqj76RrJR4M6FjB4AaABAg,"Rick roll,,, supoib!",dQw4w9WgXcQ,Unknown
Ugyy7ZHHLponJ43V1n54AaABAg,Kto od Kacpra rietza daje like,dQw4w9WgXcQ,Unknown
Ugy6SRixDzOcg6JNo5Z4AaABAg,Got rickrolled by a backrooms gameğŸ˜­,dQw4w9WgXcQ,Unknown
UgxIoqN0JoUAFA_eKdN4AaABAg,But the link is say free robux,dQw4w9WgXcQ,Unknown
Ugz0z7zqhyvXvpSJWRV4AaABAg,so this isnt free robux?,dQw4w9WgXcQ,Unknown
UgwBHgZMy3WQEdOWN954AaABAg,nhÃ¬n tráº» mÃ  giá»ng giÃ ,dQw4w9WgXcQ,Unknown
UgxJDzzG0PO1dCGOoYF4AaABAg,came from caseoh playing backrooms game ğŸ˜‚ğŸ˜­,dQw4w9WgXcQ,Unknown
UgwQk-ALQD09czo7TNx4AaABAg,Kto od Kacpra,dQw4w9WgXcQ,Unknown
UgzZwHQkTotjLxo0Bph4AaABAg,"Wow, never seen a video with nearly 2 and half million comments!!! That's crazy....",dQw4w9WgXcQ,Unknown
Ugx3CKI_6KJf0SOrDvp4AaABAg,We are all rickrolled,dQw4w9WgXcQ,Unknown
Ugy1YJSGG7GNs9cUD_t4AaABAg,im rickrollingğŸ˜ƒ,dQw4w9WgXcQ,Unknown
Ugyuif-3XaVu0OZab054AaABAg,Kto od Kacpra rietz?,dQw4w9WgXcQ,Unknown
UgzNcFRmpLqhYAe_h5R4AaABAg,Elm wood why u do me like this,dQw4w9WgXcQ,Unknown
UgzcThs1mbe9bPc8P-Z4AaABAg,Kto od rietza daje like,dQw4w9WgXcQ,Unknown
UgyaYojLJiggUJPErMp4AaABAg,"ĞœĞµĞ½Ñ deepseek Ğ·Ğ°Ñ€Ğ¸ĞºÑ€Ğ¾Ğ»Ğ¸Ğ», Ñ Ğ² ÑˆĞ¾ĞºĞµ",dQw4w9WgXcQ,Unknown
UgzApRXOh8W2XXGI4bF4AaABAg,æ°¸ä¸æ”¾å¼ƒä½ ,dQw4w9WgXcQ,Unknown
UgwQPl5VDtg1Gyb68Mh4AaABAg,Nice,dQw4w9WgXcQ,Unknown
UgwnM2JqxkchHLBtpxB4AaABAg,Why am I here..,dQw4w9WgXcQ,Unknown
Ugzt2_zt7SG7s44FTst4AaABAg,Pozdro Kacper ale reklama popsuÅ‚a bo jestem jebanym biedakiem,dQw4w9WgXcQ,Unknown
Ugz_geMQrSd6iLodMRl4AaABAg,Ğ_Ğ RICKROLL,dQw4w9WgXcQ,Unknown
Ugw6WpONVvaxPLmCY354AaABAg,"1,659,052,447 people got rickrolled.",dQw4w9WgXcQ,Unknown
UgxX9r3ng9cgBtROK7V4AaABAg,I GOT THIS FROM CASES STRANGEST BACKROOMS GAME VID,dQw4w9WgXcQ,Unknown
Ugzc47yibaRMoOkoZ5J4AaABAg,I was on re room and scan this qr code and it sent me here,dQw4w9WgXcQ,Unknown
UgyK9ddfNh629I3uJ6d4AaABAg,I will never give you up,dQw4w9WgXcQ,Unknown
UgwRdntOeX-1ZxSoYuB4AaABAg,Ğ¥Ñ‚Ğ¾ Ğ· ĞºĞ¾Ğ´Ñƒ Ğ² Ñ‚Ñ‚?,dQw4w9WgXcQ,Unknown
UgxFg2L6gZkKRcIZ7zB4AaABAg,"I tried Gemini's program, and it freaking led me to this videoğŸ¥€",dQw4w9WgXcQ,Unknown
UgzcdcEvaeH9OJsFD8Z4AaABAg,I just got Rick rolled,dQw4w9WgXcQ,Unknown
UgxVQO78GITruEd1Rpl4AaABAg,got rickrolled by people claiming it was taken down ğŸ˜”,dQw4w9WgXcQ,Unknown
UgzMf3RUq2gfldRfFvd4AaABAg,Lol Xd,dQw4w9WgXcQ,Unknown
UgxbHUOJ5lzyW9vdEy94AaABAg,Am here on my own free will...,dQw4w9WgXcQ,Unknown
UgxPSQFStW7pC4oVvtV4AaABAg,Who came from the H1T1 video?,dQw4w9WgXcQ,Unknown
UgwxzZ810j9PU9c3b0h4AaABAg,2010,dQw4w9WgXcQ,Unknown
UgyLDatjNM4yankTtCx4AaABAg,Kto od Rietza z odcinka,dQw4w9WgXcQ,Unknown
UgyYyJWnhcCN2UIYZc94AaABAg,"Itâ€™s not the same with 4 ads in front of it. But.. I did get Rick rolled in 2025. For some reason, Iâ€™m happy about it",dQw4w9WgXcQ,Unknown
Ugxgjayr7WQR1GsDnkV4AaABAg,I just got rickrolled in my school today because of a QR Code while climbing...,dQw4w9WgXcQ,Unknown
UgwIgMzVpbqmfBZ-fRp4AaABAg,never gonna give you up,dQw4w9WgXcQ,Unknown
UgyTiGhb3D06F-CHwFJ4AaABAg,Rick roll,dQw4w9WgXcQ,Unknown
UgwpPEET1EUJBs9Doxd4AaABAg,never gonna,dQw4w9WgXcQ,Unknown
UgwxI93iG26Rh_pmZqJ4AaABAg,Greatest song of the 1980s. Nothing came close to it!.,dQw4w9WgXcQ,Unknown
UgxS4w0CfZn7VVxCqbV4AaABAg,Bruh my friend told me to scan a qr code and it came up with this it started playing I got rick rolledâ€¦,dQw4w9WgXcQ,Unknown
UgyPw5xng8yByFIhFC14AaABAg,"finally streamed this. i have always heard this in some yt videos or memes. but actually listening and watching it, only now. by the way what's so special about this song???ğŸ˜…â¤",dQw4w9WgXcQ,Unknown
Ugx8qFqMuqUkjzClz1N4AaABAg,"Had not been Rickrolled in a while so I did it to myself.





Sometimes my genius is almost frightening.",dQw4w9WgXcQ,Unknown
Ugxh5bjZfqs7LW5IRKJ4AaABAg,nice,dQw4w9WgXcQ,Unknown
Ugzn9kHo0BgGv0tsStJ4AaABAg,Ja tu przyszedÅ‚em od Kacpera Ritza,dQw4w9WgXcQ,Unknown
UgxXlE1C3XAvrQLkjuJ4AaABAg,Bro I literally saved this to my notes forgot about it and I was literally deleting some notes rn saw this didnâ€™t know what it was and I canâ€™t believe I just Rick rolled myself smh ğŸ¤¦ğŸ½â€â™‚ï¸,dQw4w9WgXcQ,Unknown
Ugw_fmznUbGLwJQMZTJ4AaABAg,0:44 Mighty Eagle !!!!,dQw4w9WgXcQ,Unknown
UgySfneENVkH2Kkd_8t4AaABAg,0:44 Dixon ck,dQw4w9WgXcQ,Unknown
UgwVEICunsJuFO2FYe54AaABAg,Dixon,dQw4w9WgXcQ,Unknown
UgzmrnN7x6OCPPB7bX54AaABAg,Are there people from 2025?,dQw4w9WgXcQ,Unknown
UgwrpHMcB86_uwNbe3N4AaABAg,ĞºÑ‚Ğ¾ Ñ ÑĞºĞ·Ğ°Ğ¼ĞµĞ½Ğ° Ğ¿Ğ¾ Ğ¼ĞµĞ¼Ğ°Ğ¼?,dQw4w9WgXcQ,Unknown
UgwnqVgNyiSdcrrKPBN4AaABAg,Anyone listening in 2025ğŸ‰,dQw4w9WgXcQ,Unknown
UgzFGqFZ64zwRkiB9uZ4AaABAg,Oh man here we go... I got rickrolled again for the hundred time...and again and again and again...,dQw4w9WgXcQ,Unknown
UgyxKPgse1EunXhoUb14AaABAg,Haha I got an ad,dQw4w9WgXcQ,Unknown
UgzPamXDW7Vf4W3eC954AaABAg,Whereâ€™s my Kiracoin scam,dQw4w9WgXcQ,Unknown
UgyBr5THxBuQQHvfbpt4AaABAg,"Enjoying this talk? You'll love the brand new TED Radio Hour series â€“ Mind, Body, Spirit. Hear TED speakers share their eye-opening ideas on how we think, move, and feel.Â https://www.youtube.com/playlist?list=PL2TjQf2riraLkqqFGxK65JI-leCAxm1eD",Ks-_Mh1QhMc,Unknown
Ugx4RA9CPazvmDOo2114AaABAg,"I'm an MBA student, and my corporate behavior coach and professor suggested watching this.",Ks-_Mh1QhMc,Unknown
Ugyz3IQyTPolnD6Mu1Z4AaABAg,Who's all watching in 2014,Ks-_Mh1QhMc,Unknown
UgwY4rNqbbCZcwTF0jN4AaABAg,Hey !,Ks-_Mh1QhMc,Unknown
UgzrfsmzpoKZBCAbzdJ4AaABAg,Who's clapping for her at the end behind the screen? ğŸ¤šğŸ¤š,Ks-_Mh1QhMc,Unknown
Ugx7h0r7Kexrtv5u1cl4AaABAg,Who watching this in 2025,Ks-_Mh1QhMc,Unknown
UgxURHBVNJwcZlNnGHJ4AaABAg,"Interesting subjectâ€”although what I'd like to ask is if our body does indeed change our mind, then perhaps your environment influences it. If spreading out = confidence, then why, if women already feel less powerful, are they told to sit nicely, cross their legs, sit smaller, look neater? Does that influence the mind? Just a question of curiosity.",Ks-_Mh1QhMc,Unknown
Ugw7S-p9KodRi9R3ZGt4AaABAg,"1. Forced smiled makes us happy - pretend to be powerful, then you will feel powerful
2. Minds of powerful: 
2a.Assertive, confident and optimistic. 
2b.Think abstractly.
2c.Take more risks
2d.They have high Testastorone (Dominance) and low cortisol (- less stress reactive)
3. Do Power poses for few minutes - especially in high stake situations such as job interviews
4. Beyond content audience is looking for Presence (which incorporates Passion, enthusiasm, confidence, authenticity, comfort and captivity)
5. Bodies change minds, minds change behavior, behavior changes outcomes
6. Fake it till you become it!
7. Tiny tweak can lead to big changes.",Ks-_Mh1QhMc,Unknown
UgwqJaWb1ySLS0BitNh4AaABAg,Hi,Ks-_Mh1QhMc,Unknown
UgwRiohPZA8F4nRf10d4AaABAg,Who are after watching a random insta reelsğŸ˜‚,Ks-_Mh1QhMc,Unknown
Ugz4oadIfoxfe63kaTR4AaABAg,What did I just listen to,Ks-_Mh1QhMc,Unknown
UgyMzlStPToL3DeY0-94AaABAg,Amazing,Ks-_Mh1QhMc,Unknown
Ugx8HkGQ_Qn-Vp2fpU14AaABAg,Like if you came here from instagram,Ks-_Mh1QhMc,Unknown
Ugzyohl36vvI4sFQGOl4AaABAg,Anyone in 2025,Ks-_Mh1QhMc,Unknown
Ugy8EQx5iUzkeOiNTiB4AaABAg,Excellent! ğŸ‰â¤ğŸ’ƒ,Ks-_Mh1QhMc,Unknown
UgzIYfIkp3ZQK9B02rR4AaABAg,"This was so powerful,  in my life I feel like an imposter most of the time. And yet I've overcome addiction,  prison,  suicide,  and trauma. 
Yet still feel this imposter syndrome.",Ks-_Mh1QhMc,Unknown
UgxPmh8S4CVKddrkyBZ4AaABAg,"Summary:

People usually see that how their body language affects other people. But their body language effects them also.

When one comes near to the powerful guy, he, she will feel powerless. 

Indicators: When your posture is open, you feel powerful. When your posture is closed, you are hiding yourself.

The non verbal behavior depends upon gender also. Females usually feel powerless than man as per speaker's saying.

So, what to do: Fake it till you make it. Through your posture, you show others that you seem powerful.

Speaker gives answer to 2 questions

1.  Our nonverbals govern how we feel and think about it. Yes, because when we start to change our nonverbals (our testosterone increases (energy level) and cortisol (stress level) decreases. Great leaders and MBA students have high testosterone and low cortisol

2.  Does our body changes our mind : Yes at least till facial expressions.  We feel positive energy, calmness, confidence that is reflected in our mind. 

In the interview, it is good to have good presence. The presence has an impact on your confidence, passion, enthusiasm,  authenticity & comfortability. 

So what to do: Daily 2 minutes, practice of positive postures. 

Speaker's speech ending words: Fake it till you become it.",Ks-_Mh1QhMc,Unknown
UgxQHyF-HIlhv3R3UhN4AaABAg,2:56,Ks-_Mh1QhMc,Unknown
Ugw3bgn2aJ1g4asVDWN4AaABAg,"â€œFake it ill you become itâ€- The most impressive statement ever!! As a girl in middle school with so many outstanding fellows, I cried a river along my way to graduation. But through all those tearful years, I know found what my true identity was: Always keep up with your work, and donâ€™t limit your identity as just a â€œnormalâ€ student",Ks-_Mh1QhMc,Unknown
UgxgOdcbrtARZBU0tIp4AaABAg,I randomly searched about an anime in Google and this showed up .... But u know what... I'm still watching it,Ks-_Mh1QhMc,Unknown
UgxGeraypztZBYflIeh4AaABAg,"""I am not supposed to be here"" = God",Ks-_Mh1QhMc,Unknown
Ugwk3JVpwz6YCBOSinB4AaABAg,"start - hack - change your posture for 2 mins, how many of ourselves are crossing , want to pay attention . implementing this got change how your life un folds",Ks-_Mh1QhMc,Unknown
Ugyfqe1BztuHH66yc194AaABAg,Anyone from Chat GPT suggestion ?,Ks-_Mh1QhMc,Unknown
Ugw-bjnG7-HGZU-Q-F14AaABAg,Soy Latina pero me llamÃ³ la atenciÃ³n el tituloğŸ˜Š,Ks-_Mh1QhMc,Unknown
Ugy_zQYFtP8_0GmwOXh4AaABAg,Thank u soooo much this is amazing !!!!,Ks-_Mh1QhMc,Unknown
Ugyz92wHnWNtBKnsGWV4AaABAg,Are you here after avinash kaur insta reels?,Ks-_Mh1QhMc,Unknown
Ugx-d4ucMf2fU2NrYrp4AaABAg,Ayoo this has 12y,Ks-_Mh1QhMc,Unknown
UgxvjLSmpVU63rehUSZ4AaABAg,She needed water ğŸ’§ ğŸ˜‚it's distracting whem public speakers don't hydrate!!!ğŸ˜‚â¤Great job other than that!,Ks-_Mh1QhMc,Unknown
UgwJwPrkxt-KJ_SKe9Z4AaABAg,"A lot of this ""power pose"" stuff was debunked. This is shameful overconfidence in extremely dubious results.",Ks-_Mh1QhMc,Unknown
UgzLGfgW-fbGC8R_oHN4AaABAg,Thank you came to watch this after reading Diana Mikasâ€™ book - will give these power poses a go ğŸ˜Š,Ks-_Mh1QhMc,Unknown
UgyUQnH34ly9U1dcngd4AaABAg,"I will be the next most wealthy innovator, inventor, and entrepreneur who will break all records no one has ever broken in the next few years.",Ks-_Mh1QhMc,Unknown
Ugy--Z7-F8Mt8DeryX54AaABAg,â¤â¤,Ks-_Mh1QhMc,Unknown
UgykGjC_8HlMQYuK9Y14AaABAg,"This video is really fruitful ğŸ˜Š.... the amazing facts and rules , which are applicable in a conscious and non-conscious level of interactions among your surroundings....
Thank you...Arny Cuddy 
Thank you TED",Ks-_Mh1QhMc,Unknown
UgzCLFas5yVupJyiq5N4AaABAg,"Prelegentka siÄ™ zestresowaÅ‚a, aÅ¼ zaschÅ‚o w ustach :)",Ks-_Mh1QhMc,Unknown
Ugz6kugQg2e5Gtk0JyZ4AaABAg,"Every video you make feels like a step closer to healing and growth. Thank you for your powerful, positive messages and the love you pour into your work.",Ks-_Mh1QhMc,Unknown
UgxiPJFYqVnG6LSSL4J4AaABAg,I watched this 12 years ago when I was wanting to go into leadership and I was told that I didn't seem to be confident enough. I follow these tips to this day.,Ks-_Mh1QhMc,Unknown
Ugy_tKvRxbg_pv_1c-94AaABAg,"i have watched this ted talk and shared it so many times now. canâ€™t believe itâ€™s 12yo at this point. still powerful, every time",Ks-_Mh1QhMc,Unknown
UgzfEuB-FGGXOtr66sd4AaABAg,Greatâ¤,Ks-_Mh1QhMc,Unknown
Ugw6j8cfDsA4Cydd_fB4AaABAg,Nice and great,Ks-_Mh1QhMc,Unknown
UgyUgJ87mWo9yGdiGlx4AaABAg,Who watching this in 2025 may,Ks-_Mh1QhMc,Unknown
Ugz0ErVoor60rA-qIs54AaABAg,I seen 2025 and you,Ks-_Mh1QhMc,Unknown
UgzBxNorLl0v8nLc_hl4AaABAg,Anyone else get confused by the graphs? I was about to end the video because of them and I'm glad I didn't,Ks-_Mh1QhMc,Unknown
UgxjVcbE4H88f1wTxYd4AaABAg,"Give a glass of water to this poor woman... I don't get why she souldn't drink a drop of water. I'm distracted by the terrible sound of her trying to uselessly wet her mouth. It's cruel, and - again - distracting.",Ks-_Mh1QhMc,Unknown
UgyQ1butO_xRcZJXReN4AaABAg,Please speak Hindi translator ğŸ˜¢,Ks-_Mh1QhMc,Unknown
UgyBPVntiLGTmPovciR4AaABAg,nice,Ks-_Mh1QhMc,Unknown
UgyTN0jmxqhoi0_ik314AaABAg,â¤â¤â¤â¤I from Pakistan,Ks-_Mh1QhMc,Unknown
Ugybx6CJU671knRATTJ4AaABAg,Anyone 2026 ğŸ˜‚ğŸ˜‚,Ks-_Mh1QhMc,Unknown
UgxtJMCBxwdvLN9LIKR4AaABAg,Thereâ€™s actually research supporting this. Taking a few minutes before doing something stressful or mentally demanding to extend your body with pride and confidence. Raising your testosterone (assertive/dominance hormone) and lowering your cortisol (stress hormone) levels.,Ks-_Mh1QhMc,Unknown
Ugw78QRxlvcuzeMvd4J4AaABAg,Communication is communication no matter what year it is. From the creation of the world to the end of the world.,Ks-_Mh1QhMc,Unknown
UgwF6oyNoz5d_VaGYel4AaABAg,The only thing bad about this video is there's a lot of saliva noises while she is speaking. It's really irritating.,Ks-_Mh1QhMc,Unknown
UgxymlSzN3bVmyYR4Lp4AaABAg,she cute whoots her name,Ks-_Mh1QhMc,Unknown
Ugy3qhSQrjR0eOnLsYJ4AaABAg,This Ted talk has been refuted over time. Faking doesn't make you happy or successful.,Ks-_Mh1QhMc,Unknown
UgwJz317YRShfd4pvMl4AaABAg,I am ğŸ˜‚,Ks-_Mh1QhMc,Unknown
Ugw8XL6K2AeCzHKuDYx4AaABAg,I came from PinterestğŸ˜Š,Ks-_Mh1QhMc,Unknown
UgxomD8MDHZkVHQPNkh4AaABAg,Thanks,Ks-_Mh1QhMc,Unknown
UgwXAbemmxBHcOpHhLB4AaABAg,I really enjoy this talk. I do agree on faking it till you make it.,Ks-_Mh1QhMc,Unknown
UgxhI2pdRju4y08stkN4AaABAg,I don't know why this video is part of code snippets on the youtube api,Ks-_Mh1QhMc,Unknown
UgxNoAwFJU6n9w2WBqh4AaABAg,I,Ks-_Mh1QhMc,Unknown
Ugx9RQT7_TcJ38VtSe94AaABAg,Thats powerful,Ks-_Mh1QhMc,Unknown
UgyWcplQx7oS1lQBstt4AaABAg,Sala insta se dekh ke aaya tha per kuch samajh nahi aata ğŸ˜‚ğŸ˜‚ğŸ˜‚,Ks-_Mh1QhMc,Unknown
UgwiyheCMn5QKE0I9ed4AaABAg,"I have been feeling anxious and stressful for a couple of days recently because I am going to attend a B2 level English exam this Saturday, and the fact that 2 days are separating me from the test made me feel uneasy. I can confidently say that I am a brave and confident person in social situations, however when my future is on the line then things tend to change. I hope my stress will not kick in during the test, so I have planned when I arrive at the location, I will kindly ask where the bathroom is and do a private Michael Jackson dance competition and make myself look dominant. I really hope I can pass the exam and make my family proud. :)",Ks-_Mh1QhMc,Unknown
UgzJb0zAr7S-7Go3uCR4AaABAg,My pose before video ğŸ™‡my pose after video ğŸ’ªğŸ‹ï¸,Ks-_Mh1QhMc,Unknown
Ugwbm1aiEtHESGFUigJ4AaABAg,â¤â¤ğŸ‘ŒğŸ‘ thank you,Ks-_Mh1QhMc,Unknown
UgzJACvv5H91tgd4fdJ4AaABAg,love this lady,Ks-_Mh1QhMc,Unknown
Ugy3l_cdAnQENMe2H9l4AaABAg,Anyone 2025..,Ks-_Mh1QhMc,Unknown
UgypZgr23FKmh7hrWyJ4AaABAg,Anyone ğŸ‰ in 2025ğŸ‰â¤,Ks-_Mh1QhMc,Unknown
UgwFKGvAo7FhGMGGXHV4AaABAg,Who came here from random insta reels ğŸ¤£?,Ks-_Mh1QhMc,Unknown
UgzTMA1iNsxz8wxmf_l4AaABAg,"Wow. 12 years ago and you still echo the same message! You are a magnet. I hope that this commentary finds you doing well today and most importantly that you are able to read it soon. Although the material I felt was going to be on body language your words and your expressions and emotions were beyond that. Yes your pictorial  examples were spot on but your words definitely enhanced the images. You are outwardly beautiful but more so deeply as the person you are at heart. You developed your talk extremely well. I noticed your pace get slower but excellent still as you progressed through your talk. The message remained immensely powerful. I am working on the very issues that those with seemingly not enough testosterone and high cortisol. Yea, I have face the alpha bullies that annoy me at the gym, they must think I am in my 50's the way I crank away. By the way--I am a former USMC tough guy! LOL! But I am an official geezer now LOL! At 70 I pretend in my mind I am 29. Oh yes I am also working on humility believe or not. LOL! Ok, back down to earth. The real basis why I am responding is that I am working on and want in my heart is to be able to add any tip of help that will help me improve my ability to send a message when I talk about a certain theme. I think I already know the answer to what will help me but just viewing your video this evening was appreciated. Thank you so very very much Amy for your courage and honesty and openness to express your emotions and positivity and especially despite what you had to face in that car accident your recovery shows your resilience as the beautiful person that you are. Thank you!",Ks-_Mh1QhMc,Unknown
UgxnW8Vw6rECqSDM84N4AaABAg,4/3/25,Ks-_Mh1QhMc,Unknown
UgyaJmOCkJrsCwz8Rf14AaABAg,"Me apne ane wale hr 30 minutes ki valu 30,000 kr dunga",Ks-_Mh1QhMc,Unknown
UgwQpSULnG_BWG9Tmgl4AaABAg,Aaj kon kon video dekh raha hai,Ks-_Mh1QhMc,Unknown
UgztqcvrqWGqUhHX5eB4AaABAg,Aaj kon dekh raha h,Ks-_Mh1QhMc,Unknown
UgwrT0_8af89rJT5blJ4AaABAg,Who  watching this 2025ğŸ˜…,Ks-_Mh1QhMc,Unknown
UgzsUpPUIaS2Kdh-NKl4AaABAg,This was really good!,Ks-_Mh1QhMc,Unknown
Ugxv6_f9lpQag1KnXGF4AaABAg,So the  vdo offer me a free no- teach life hack that requires you to change your posture for two mn. So boday language is really fascinating. So what is body language community with our or others else ? So body language can make sweeping judgement body language can sweeping judgement and those judgement can predict really meaningfull in life comeout.,Ks-_Mh1QhMc,Unknown
UgyiNa2WqDqjhwcsVXp4AaABAg,"The photographs of power poses in the animal kingdom were extremely interesting. I had never thought of this before, but will now be looking out for them.",Ks-_Mh1QhMc,Unknown
Ugxu5omT0lkrJR91Qs94AaABAg,How to convert Hindi ğŸ˜‚ğŸ˜‚,Ks-_Mh1QhMc,Unknown
Ugz2KQF0dOwLBMYvbgV4AaABAg,Thank you.,Ks-_Mh1QhMc,Unknown
UgysaMtgJtQGB4zEnYd4AaABAg,Brasil,Ks-_Mh1QhMc,Unknown
UgzBUSndVqBAn1WyR214AaABAg,Que demais,Ks-_Mh1QhMc,Unknown
Ugx7gzrQ6ZHQJgy64Zl4AaABAg,Who are watching this by insta reels in 2025ğŸ˜‚,Ks-_Mh1QhMc,Unknown
UgwkhvY2jl8ftEbJfi54AaABAg,ME,Ks-_Mh1QhMc,Unknown
Ugx99vnghnWqCviWHEV4AaABAg,Yo vine por tok tok,Ks-_Mh1QhMc,Unknown
Ugy4w6LIAe96mhQ9Bzl4AaABAg,Ye sab mere bheje ke bheje me nhi aaya ğŸ˜‚ğŸ˜‚ğŸ˜‚ğŸ˜‚ bye,Ks-_Mh1QhMc,Unknown
Ugxj1r7NBUyl0Nc1eE54AaABAg,2025,Ks-_Mh1QhMc,Unknown
Ugy4ZLmoh94NyLIxCXl4AaABAg,Fake it till you become it !!!!,Ks-_Mh1QhMc,Unknown
Ugytm0_0vBxMwM6q3D14AaABAg,"The concept that body language can shape how we feel about ourselves is fascinating. The idea that our posture can not only affect how others perceive us but also influence how we feel about ourselves is powerful. Her concept of â€œpower posesâ€ and how adopting certain body postures can boost confidence is thought-provoking, especially in situations like job interviews or public speaking. However, while body language can certainly play a role in self-perception, I believe itâ€™s important to also recognize the deeper, underlying factors that contribute to confidence and self-esteem, such as personal experiences and internal beliefs. While adopting power poses might offer a temporary boost, lasting change often requires addressing these deeper aspects of self-worth.",Ks-_Mh1QhMc,Unknown
UgwBIrVd0hAoSZ97dBh4AaABAg,How o many comes from @Avinash kumar â¤â¤â¤,Ks-_Mh1QhMc,Unknown
UgxL3GpJzKWEoi29P9N4AaABAg,after 12 years of published,Ks-_Mh1QhMc,Unknown
UgyykIoeJNYDBJUOuhd4AaABAg,ğŸ‡®ğŸ‡³ğŸ‡®ğŸ‡³ğŸ‡®ğŸ‡³ğŸ’¯ğŸ’¯ğŸ’¯,Ks-_Mh1QhMc,Unknown
Ugz_GfwE0ZdF7dZZeRF4AaABAg,Anyone here from instagram?? ğŸ˜…,Ks-_Mh1QhMc,Unknown
Ugzg9KcTlJDPvz9KA0Z4AaABAg,Who is watching in 2025 is it still works ğŸ˜…,Ks-_Mh1QhMc,Unknown
UgzmkuvH1FkMSTySuzV4AaABAg,Anyone from 2025 ğŸ˜‚ğŸ˜‚ğŸ˜‚ğŸ˜…,Ks-_Mh1QhMc,Unknown
UgwMXEFm8shIce8O3o94AaABAg,Thank you so much ğŸ™,Ks-_Mh1QhMc,Unknown
UgyfsUDk49FlX9_QL5x4AaABAg,Insta pe Aesthetic avii ki reel dekh k kon kon aaya haiğŸ˜‚,Ks-_Mh1QhMc,Unknown
UgxDKi154nhXBjcemch4AaABAg,Try a power pose ğŸ˜Š,Ks-_Mh1QhMc,Unknown
UgxS7y4PaviiSjHSJxR4AaABAg,Love youğŸ˜˜,Ks-_Mh1QhMc,Unknown
UgyzMJk8xpJ1zKNPBKB4AaABAg,Love,Ks-_Mh1QhMc,Unknown
UgxOFL4E2eolulcvefx4AaABAg,"Its 19 march 2025 
When I am watching this video",Ks-_Mh1QhMc,Unknown
Ugy4eoOUaqWpVrpMAZ54AaABAg,"The basement to categories male gender in animals and humans are different, the term Alpha is actually used for wolf packs and later brought to humans.
Difference is natural, the biggest example is our thumbs.
Power is more of a status than a term to categories, great speech but it's more important to categories humans by what God gifted us which starts from consciousness and ends to intellectual.
Sorialism is a literature term in English language which allows you to be verbal.
Thanks.",Ks-_Mh1QhMc,Unknown
UgwNZXST9in3Ixz342V4AaABAg,"FantÃ¡stico, a compartir",Ks-_Mh1QhMc,Unknown
UgzoPuL2ee7zY5dUOqN4AaABAg,ğŸ˜Š,Ks-_Mh1QhMc,Unknown
UgzWyOYKPzSaiCM-VbJ4AaABAg,Every ACTOR needs 2 watch this!!! â¤,Ks-_Mh1QhMc,Unknown
UgxofdjN0ZC0QcVdSRJ4AaABAg,"Heavenly method, our creator! Let's make young women's birthday gifts.
Primo: ...
Deuxio: ...
etc.
ğŸ„ğŸğŸ‡ğŸˆğŸ‰ğŸŠğŸ‹ğŸŒğŸğŸ¥­ğŸğŸğŸğŸ‘ğŸ’ğŸ“ğŸ«ğŸ¥ğŸ…ğŸ«’ğŸ¥¥ğŸ¥‘ğŸ†ğŸ¥”ğŸ¥•ğŸŒ½ğŸŒ¶ğŸ«‘ğŸ¥’ğŸ¥¬ğŸ¥¦ğŸ§„ğŸ§…ğŸ„ğŸ¥œğŸŒ°ğŸğŸ¥ğŸ¥–ğŸ«“ğŸ¥¨ğŸ¥¯ğŸ¥ğŸ§‡ğŸ§€ğŸ–ğŸ—ğŸ¥©ğŸ¥“ğŸ”ğŸŸğŸ•ğŸŒ­ğŸ¥ªğŸŒ®ğŸŒ¯ğŸ«”ğŸ¥™ğŸ§†ğŸ¥šğŸ³ğŸ¥˜ğŸ²ğŸ«•ğŸ¥£ğŸ¥—ğŸ¿ğŸ§ˆğŸ§‚ğŸ¥«ğŸ±ğŸ˜ğŸ™ğŸšğŸ›ğŸœğŸğŸ ğŸ¢ğŸ£ğŸ¤ğŸ¥ğŸ¥®ğŸ¡ğŸ¥ŸğŸ¥ ğŸ¥¡ğŸ¦€ğŸ¦ğŸ¦ğŸ¦‘ğŸ¦ªğŸ¦ğŸ§ğŸ¨ğŸ©ğŸªğŸ‚ğŸ‚ğŸ‚ğŸ‚ğŸ‚ğŸ‚ğŸ‚ğŸ‚ğŸ‚ğŸ‚ğŸ‚ğŸ‚ğŸ‚ğŸ‚ğŸ‚ğŸ‚ğŸ‚ğŸ‚ğŸ‚ğŸ‚ğŸ‚ğŸ‚ğŸ‚ğŸ¥ ğŸ¥ ğŸ¥ ğŸ‚ğŸ‚ğŸ‚ğŸ‚ğŸ‚ğŸ‚ğŸ‚ğŸ‚ğŸ‚ğŸ‚ğŸ‚ğŸ‚ğŸ‚ğŸ‚ğŸ‚ğŸ‚ğŸ‚ğŸ‚ğŸ‚ğŸ‚ğŸ‚ğŸ‚ğŸ‚ğŸ‚ğŸ‚ğŸ‚ğŸ‚ğŸ¥ ğŸ¥ ğŸ‚ğŸ‚ğŸ‚ğŸ‚ğŸ‚ğŸ‚ğŸ‚ğŸ‚ğŸ‚ğŸ‚ğŸ‚ğŸ‚ğŸ‚ğŸ‚ğŸ‚ğŸ‚ğŸ‚ğŸ‚ğŸ‚ğŸ‚ğŸ‚ğŸ‚ğŸ‚ğŸ‚ğŸ‚ğŸ‚ğŸ‚ğŸ‚ğŸ¥ ğŸ°ğŸ§ğŸ¥§ğŸ«ğŸ¬ğŸ­ğŸ®ğŸ¯ğŸ¼ğŸ¥›ğŸ¼ğŸ¼ğŸ¼ğŸ¼ğŸ¼ğŸ¼ğŸ¼ğŸ¼ğŸ¼ğŸ¼ğŸ¼ğŸ¼ğŸ¼ğŸ¼ğŸ¼ğŸ¼ğŸ¥›â˜•ğŸ«–ğŸµğŸ¶ğŸ¾ğŸ·ğŸ¸ğŸ¹ğŸºğŸ»ğŸ¥‚ğŸ¥ƒğŸ¥¤ğŸ§‹ğŸ§ƒğŸ§‰ğŸ§ŠğŸ¥¢ğŸ½ğŸ´ğŸ¥„ğŸ”ªğŸºğŸ“–ğŸ‘‘ğŸ–âœğŸš¼ğŸš¼ğŸš¼ğŸš¼ğŸš¼ğŸš¼ğŸš¼ğŸš¼ğŸš¼ğŸš¼ğŸš¼ğŸš¼ğŸš¼ğŸš¼ğŸš¼ğŸš¼ğŸš¼ğŸš¼ğŸš¼ğŸš¼ğŸš¼ğŸš¼ğŸš¼ğŸš¼ğŸš¼ğŸš¼ğŸš¼ğŸš¼ğŸš¼ğŸš¼ğŸš¼ğŸš¼ğŸš¼ğŸš¼ğŸš¼ğŸš¼ğŸš¼ğŸš¼ğŸš¼ğŸš¼ğŸš¼ğŸš¼ğŸš¼ğŸš¼ğŸš¼ğŸš¼ğŸš¼ğŸš¼ğŸš¼ğŸš¼ğŸš¼ğŸš¼ğŸš¼ğŸš¼ğŸš¼ğŸš¼ğŸš¼ğŸš¼ğŸš¼ğŸš¼ğŸš¼ğŸš¼ğŸš¼ğŸš¼ğŸš¼ğŸš¼ğŸš¼ğŸš¼ğŸš¼ğŸš¼ğŸš¼ğŸš¼ğŸš¼ğŸš¼ğŸš¼ğŸš¼ğŸš¼ğŸš¼ğŸš¼ğŸš¼ğŸš¼ğŸš¼ğŸš¼ğŸš¼ğŸš¼ğŸš¼ğŸš¼ğŸš¼ğŸš¼ğŸš¼ğŸš¼ğŸš¼ğŸš¼ğŸš¼ğŸš¼ğŸš¼ğŸš¼ğŸš¼ğŸš¼ğŸš¼ğŸš¼ğŸš¼ğŸš¼ğŸš¼ğŸš¼ğŸš¼ğŸš¼ğŸš¼ğŸš¼ğŸš¼ğŸš¼ğŸš¼ğŸš¼ğŸš¼ğŸš¼ğŸš¼ğŸš¼ğŸš¼ğŸš¼ğŸš¼ğŸš¼ğŸš¼ğŸš¼ğŸš¼ğŸš¼",Ks-_Mh1QhMc,Unknown
UgzGnJSdrShkqiaw19N4AaABAg,19:30,Ks-_Mh1QhMc,Unknown
Ugy3_TLk_vMoud1FJ-t4AaABAg,"It's so impressive that our body language can influence our thoughts and feelings. So doing winning poses could how our mind and body are connected. Beautiful and valuability  lesson. 
Thank you Amy Cuddy!",Ks-_Mh1QhMc,Unknown
Ugz4JLmE1Dp03MbOJB54AaABAg,"she needs to either move the mic away from her face or sip some water, torturing me with all the damn mouth noises. My misophonia cannot",Ks-_Mh1QhMc,Unknown
UgwLukApoZZu2linMTB4AaABAg,Wow! I this is exactly how I have been feeling. Thanks Amy. this is the best ted talks I have ever watched.,Ks-_Mh1QhMc,Unknown
UgzNqZZDgJeB55oWhVt4AaABAg,2025,Ks-_Mh1QhMc,Unknown
Ugze2ef3WqTIN9u4UAF4AaABAg,â¤,Ks-_Mh1QhMc,Unknown
UgxwjyHrdgZS_CLdIox4AaABAg,Who watching this in 2025ğŸ¤©ğŸ˜‚,Ks-_Mh1QhMc,Unknown
UgwMlJu1-QgE8uOaoJd4AaABAg,"I needed this,thank you smart lady!",Ks-_Mh1QhMc,Unknown
UgwS0EQMFkEQK4OKpsd4AaABAg,Love thisğŸ¤©,Ks-_Mh1QhMc,Unknown
UgzhcX5UsY83uTTnLtl4AaABAg,Fake it till' you become it!,Ks-_Mh1QhMc,Unknown
UgyGPnAjIJoqW1a56Fd4AaABAg,@@carelelumbera5029,Ks-_Mh1QhMc,Unknown
UgwnBMRdT4SGZT93NGx4AaABAg,10:52,Ks-_Mh1QhMc,Unknown
UgxPn8mQ8MrplYxtAmF4AaABAg,"you speak too quickly, you are very exhausted",Ks-_Mh1QhMc,Unknown
UgzQY20GbpM1_yIsEgB4AaABAg,Ramadaan day 7,Ks-_Mh1QhMc,Unknown
UgxeEcAx_8S6Lltflnt4AaABAg,Reminder folks: her â€œstudiesâ€ have been completely debunked and what sheâ€™s talking about is utter BS.,Ks-_Mh1QhMc,Unknown
UgyuOcfZdOBv74FgwrB4AaABAg,"ğŸŒŸ One of the most powerful TED Talks I've ever watched! ğŸŒŸ I've recommended this talk to so many people because of its incredible impact. Itâ€™s empowering, and a true reference for anyone looking to grow, both personally and professionally.
If you haven't seen it yet, take a momentâ€”you won't regret it! ğŸ¯",Ks-_Mh1QhMc,Unknown
UgwEChDTB4bDg_XrDLl4AaABAg,"Thatâ€™s actually a umm very problematic mantra to repeat. While there are positive self-affirming affirmations that you repeat over and over in the mirror, at some point, youâ€™d have convince quite a significant amount of very important, powerful and influential individuals. But thereâ€™s also the Imposter Syndrome and Fraud, which in a financial context is akin to conspiring to commit a felony offense, no offense. You know, I hope everything works out, but the rational self would need some constructive and logical feedback from people you trust and",Ks-_Mh1QhMc,Unknown
UgxMrYT4DmYcDCBuDmJ4AaABAg,"Interesting the speaker keeps gesturing to cupping her chin as if she is thinking. She seems nervous. Deep nostril breathing, talking fast and jittery. A very nervous presenter in my opinion.",Ks-_Mh1QhMc,Unknown
Ugw0rRanklU7Oe7-6pJ4AaABAg,Hello,Ks-_Mh1QhMc,Unknown
UgxNIjz4C11RZlkUxEd4AaABAg,3rd March 2025,Ks-_Mh1QhMc,Unknown
UgzxqyEqO7tKvE1JpVZ4AaABAg,beautiful,Ks-_Mh1QhMc,Unknown
UgyO5dfcVYkpyHpB1_94AaABAg,This is hands down one of the best Ted Talks that I have ever seen,Ks-_Mh1QhMc,Unknown
UgwC-fJdDId0fNICsx54AaABAg,Detoxifying your posture could also mean not looking at the intended insult as fact which surrounds your persona that threatens the bully meaningfully gazed at by your spectators.,Ks-_Mh1QhMc,Unknown
UgxanSuE_Fm2I0U0t3Z4AaABAg,â¤,Ks-_Mh1QhMc,Unknown
UgyUwTuJXNmBROzEihB4AaABAg,Like who changed position while watching,Ks-_Mh1QhMc,Unknown
UgxXzVN1odDLrlQZh1J4AaABAg,"this is so funny! Remember when she said, 'I don't want to feel like an impostor'? That's exactly how I feel when I try to dance. I'm like, 'Am I doing this right?'""",Ks-_Mh1QhMc,Unknown
UgwaRU1QUnk1MH9sdEt4AaABAg,AMOUNGUSSSSSS,Ks-_Mh1QhMc,Unknown
UgzaiWCqQXfiy4OUxWF4AaABAg,i will try it and i will come back and edit this comment after try and we will see what happendğŸ˜Š,Ks-_Mh1QhMc,Unknown
UgwUeof-_Iz7BZJZBF54AaABAg,Fake it until you break it.,Ks-_Mh1QhMc,Unknown
UgyTPP0zh_Y5FAbC64x4AaABAg,"Dajcie jej szklankÄ™ wody, bo mlaskania nie da siÄ™ sÅ‚uchaÄ‡",Ks-_Mh1QhMc,Unknown
Ugw8IGO47Pm2hBXACcR4AaABAg,I bet some poor girl tries this as a helicopter pilot and flies right into a jet liner full of kids. circa 2025,Ks-_Mh1QhMc,Unknown
Ugy7sKjTKLSBpKtQPC14AaABAg,Watching this video after after a gap of 8 years. She is absolutely amazing,Ks-_Mh1QhMc,Unknown
UgxtsvfbH0je2OzbAGd4AaABAg,Amazing ğŸ˜®,Ks-_Mh1QhMc,Unknown
UgzwEQbhckn33pc5JCJ4AaABAg,ğŸ’œ,Ks-_Mh1QhMc,Unknown
UgyWJXmPMAxT-mlrisZ4AaABAg,Fake it til you become it- love this. And I needed to hear this talk today ğŸ™‚,Ks-_Mh1QhMc,Unknown
UgyX9iH8PoIPCAI-t6d4AaABAg,Who is here 2025 â¤,Ks-_Mh1QhMc,Unknown
Ugy2QOjeOIt9Wcs6ddZ4AaABAg,Present ğŸ¤šğŸ»,Ks-_Mh1QhMc,Unknown
UgwU7a94unLwKD6ztW54AaABAg,Can u speak in a way that I can understand what u r trying to say,Ks-_Mh1QhMc,Unknown
UgxyAcyJhLewkx3zThd4AaABAg,I wish I never had a heart,Ks-_Mh1QhMc,Unknown
Ugx7Gi_i8-VI5v-DmPp4AaABAg,Wow u r a narcissist,Ks-_Mh1QhMc,Unknown
UgwafxMx2UXdoNUeCS54AaABAg,12 yearsğŸ˜®ğŸ˜®ğŸ˜®ğŸ˜® iam in 2025,Ks-_Mh1QhMc,Unknown
Ugy8bjCc97EJxe-Agut4AaABAg,Amazing testimony from fear to success !!!!! So inspiring... thankyou :),Ks-_Mh1QhMc,Unknown
Ugwe4FPxYC51y9rJzE14AaABAg,â¤ï¸â¤ï¸â¤ï¸â¤ï¸,Ks-_Mh1QhMc,Unknown
UgwyQKyRpophiw9BhyJ4AaABAg,Me,Ks-_Mh1QhMc,Unknown
Ugzg3g91uQaXOAO3s8l4AaABAg,TrÃ¨s intÃ©ressant,Ks-_Mh1QhMc,Unknown
UgwzF5HIVz3I9OnRfLp4AaABAg,"It was amazing, I am such a powerful person, and i ve followed this method for all my life.feel power to be powerful â¤â¤",Ks-_Mh1QhMc,Unknown
UgzFL2YKPMgWhuuwiZB4AaABAg,Awesome. Thank you! I really needed itğŸ˜Š,Ks-_Mh1QhMc,Unknown
UgwGALgyQ1ELG-cPfzZ4AaABAg,Excellent.,Ks-_Mh1QhMc,Unknown
UgxTbm2Edw6SSM3U3LR4AaABAg,"Ted talk on ""how to make it all about me?""",Ks-_Mh1QhMc,Unknown
UgwUxtkxCPm38ZKZzVZ4AaABAg,"This brings me tearrrrrs! I love it, thanks; a million thankss â¤",Ks-_Mh1QhMc,Unknown
UgzQ5u8la0h1Os9WCtd4AaABAg,"I watched this video for motivation, for a change. Right now I'am 16 years-old, timid, overthinking and quiet. And I will make sure to engrave this sentence in my heart and mind all my life; Fake it 'til you become it.",Ks-_Mh1QhMc,Unknown
UgzahUThOaf_MzVBqiR4AaABAg,Amazing!,Ks-_Mh1QhMc,Unknown
UgykJl3z73Hgf_GII7R4AaABAg,"00:33   00:34   00:35   00:36 

00:37     00:38     00:39    00:40

  00:41     00:42     00:43    00:44

 00:45     00:46    00:47      00:48

    00:49      00:50     00:51   00:52

 00:53    00:54    00:55     00:56

    00:57       00:58      00:59      01:00 

01:01      01:02      01:03     01:04 

01:05 01:06 01:07 01:08

  01:09 01:10 01:11 01:12 

01:13 01:14 01:15 01:16

   01:17 01:18 01:19 01:20 

01:21 01:22 01:23 01:24 

  01:25 01:26 01:27 01:28 

01:29 01:30 01:31 01:32 

   01:33 01:34 01:35 01:36 

01:37 01:38 01:39 01:40

  01:41 01:42 01:43 01:44 

01:45 01:46 01:47 01:48 

  01:49 01:50 01:51 01:52 

01:53 01:54 01:55 01:56 

   01:57 01:58 01:59 02:00

02:01 02:02 02:03 02:04

   02:05 02:06 02:07 02:08 

02:09 02:10 02:11 02:12 

  02:13 02:14 02:15 02:16 

02:17 02:18 02:19 02:20

   02:21 02:22 02:23 02:24

02:25 02:26 02:27 02:28

    02:29 02:30 02:31 02:32
 
02:33 02:34 02:35 02:36 

  02:37 02:38 02:39 02:40 

02:41 02:42 02:43 02:44

   02:45 02:46 02:47 02:48

02:49 02:50 02:51 02:52 

  02:53 02:54 02:55 02:56 

02:57 02:58 02:59 03:00 

   03:01 03:02 03:03 03:04",Ks-_Mh1QhMc,Unknown
Ugxh1Xq558N_xAI6zGR4AaABAg,Loved it!!,Ks-_Mh1QhMc,Unknown
UgxqpSb8dUlVLztuOhR4AaABAg,Good,Ks-_Mh1QhMc,Unknown
UgxnpBEjw5FLkTtBnmZ4AaABAg,â¤â¤,Ks-_Mh1QhMc,Unknown
UgyEUR248Sr8OhRT5FV4AaABAg,ğŸ˜‚ğŸ˜‚ğŸ˜‚,Ks-_Mh1QhMc,Unknown
UgwS7dHFRIDEvC_feAx4AaABAg,The greatest speech i've ever seen.,Ks-_Mh1QhMc,Unknown
UgyjNjj4PPTbq7bd2WF4AaABAg,jajajajajaj Mujeres!!!! tan fantasiosas e imaginativas.,Ks-_Mh1QhMc,Unknown
Ugzif6uCw2XQnTVnLMN4AaABAg,Anyone doing this as HW assignment?,Ks-_Mh1QhMc,Unknown
UgwLiH2T0LnopC4-sXB4AaABAg,loved this tedtalk somuch,Ks-_Mh1QhMc,Unknown
Ugw-eS3ai6nhltnEaG54AaABAg,"For those who don't have 21 minutes.   Highlights
ğŸ§˜â€â™€ï¸ Changing posture can boost confidence and alter perceptions.
ğŸ“Š Body language influences judgments in hiring and dating.
ğŸ‘©â€âš•ï¸ Nonverbal cues predict outcomes in professional settings.
ğŸ¦ High-power poses can elevate testosterone and lower cortisol.
ğŸ¤ Power posing before evaluations can enhance performance.
ğŸš€ Small adjustments can lead to significant life changes.
ğŸ¤ Sharing this knowledge can empower those lacking resources.
Key Insights
ğŸŒ± Posture Affects Perception: Altering body language can reshape not only how others perceive us but also how we perceive ourselves. This dual influence highlights the connection between nonverbal cues and self-image.
ğŸ“ˆ Nonverbal Communication is Powerful: The way we carry ourselves communicates volumes. From job interviews to social interactions, body language can dictate outcomes, making awareness crucial for success.
ğŸ’ª Hormonal Changes Matter: Engaging in power poses for just two minutes can lead to significant hormonal shifts, increasing confidence and reducing stress. This emphasizes the biological basis behind our feelings of power.
ğŸ¯ Behavioral Outcomes: By â€œfakingâ€ confidence through body language, individuals can experience real changes in their feelings and behaviors, showing that actions can precede emotions.
ğŸ”„ Transformative Potential: Regularly practicing power posing can lead to lasting changes in how we approach challenges, illustrating the potential for personal growth through simple habits.
ğŸ‘©â€ğŸ« Sharing is Empowering: The potential of body language to change lives should be shared widely, especially with those who might not have access to resources or support systems.
âš–ï¸ Fake It Till You Become It: Instead of merely faking confidence, one can truly embody it through consistent practice, demonstrating the transformative power of self-affirmation and positive body language.",Ks-_Mh1QhMc,Unknown
Ugyylc62rSu_3pu1mB94AaABAg,2025 im hereğŸ˜Š,Ks-_Mh1QhMc,Unknown
UgzHhMWEQmgPjT8qXEZ4AaABAg,Excellent,Ks-_Mh1QhMc,Unknown
UgysrliC5PqEPm34IvR4AaABAg,Espetacular,Ks-_Mh1QhMc,Unknown
Ugw2g9KJf1YcCOAHwph4AaABAg,Thank you very much. I have benefited a lot.,Ks-_Mh1QhMc,Unknown
UgweUJ7mRcJpNkKd8WJ4AaABAg,Who is watching for the first like me in 2025,Ks-_Mh1QhMc,Unknown
UgzxK5IaelcPj25SyYB4AaABAg,Awesome,Ks-_Mh1QhMc,Unknown
Ugwv9zzJH6jH4Hg1yS14AaABAg,fantastic lecture,Ks-_Mh1QhMc,Unknown
UgznGepBsps4ygZxNsh4AaABAg,"Hi Amy, i am a very shy person, and i have been doing that posture of confidance, and it really works for me. What i try to achieve in my life is to be confident, and i do not like to be shy. So this guideline you gave, is very, very effective! Congratulations for this great speach! I will share! Greetings from Portugal",Ks-_Mh1QhMc,Unknown
Ugy8zFtri7_6ZZro9Xd4AaABAg,"What a beautiful story at the end! "" Power posing "" is a great way to feel less nervous before making a presentation or speech. In case any of you struggle with nerves when presenting see below some other tips:

1. Rehearse your presentation aloud when preparing to get comfortable listening to the sound of your own voice (instead of just reading your slides or notes). Many people panic when they hear themselves speak and the audience are all looking at them.

2. Stand still and have open gestures in the first few moments of your presentation to demonstrate confidence.

3. Avoid awkward pauses especially at the start of your presentation like "" em "" or "" eh "" instead pause completely between sentences and especially before and after some of your key points.

4. Take a really big deep breathe before starting your presentation and do your best to smile and enjoy it (even if inside you are not really enjoying it!).

5. Avoid negative self-talk and tell yourself you can do it.

6. Don't speak too quietly at the start of your presentation, instead increase the volume of your voice and speak with passion and conviction.

7. Practice saying the first few lines of your speech or presentation again and again and again. In this way you are likely to make a strong start.

8. Think of an interesting and engaging way to start your presentation such as by telling a story or showing a video or interesting image.

9. Remember 99.9% of the audience want you to do well, so don't overthink it.

10. If you are a nervous presenter, don't panic it's completely normal to feel nerves. Like most things in life the more you practice the better you will get. Keep going and your next presentation will be even better.",Ks-_Mh1QhMc,Unknown
UgwTOizn4Ouob1x5wrV4AaABAg,2025 ?!,Ks-_Mh1QhMc,Unknown
Ugye8DAC1GP1Jeh8ztN4AaABAg,"Do it enought until you actually become it and internalize.
Tiny tweaks can lead to big changes.",Ks-_Mh1QhMc,Unknown
UgwA8tDS-3Yv2Hi6zhh4AaABAg,anyone else come here from season 2 episode 15 of brooklyn 99 to see if gur talk amy santiago mentions is real???,Ks-_Mh1QhMc,Unknown
UgwJc6jRIkXfXoNqiKp4AaABAg,Can someone list for me the  postures from the video,Ks-_Mh1QhMc,Unknown
UgzfimOFkIcuDqnctht4AaABAg,Amazing ğŸ‰ğŸ‰,Ks-_Mh1QhMc,Unknown
Ugw6apo6TA9AOItra9x4AaABAg,"But there is a big difference who spreads his/her hands, a monkey or a swan. ğŸ˜Š",Ks-_Mh1QhMc,Unknown
UgxNLZb10J6JO9MhkpZ4AaABAg,ğŸ˜ŠğŸ˜ŠğŸ˜ŠğŸ’›,Ks-_Mh1QhMc,Unknown
Ugys374q3JeIS6qJ7ah4AaABAg,Who is watching it in 2025?ğŸ˜€ğŸ‘,Ks-_Mh1QhMc,Unknown
UgzvTkd6fEOZV_o-CiV4AaABAg,anyone 2025ğŸ˜‚,Ks-_Mh1QhMc,Unknown
Ugx783dUnM3ot3E8RJx4AaABAg,"Jan 2
2025â¤â¤â¤",Ks-_Mh1QhMc,Unknown
UgxyQzGklF0k-dAXLXh4AaABAg,Anyone in 2040?,Ks-_Mh1QhMc,Unknown
Ugxa09YwP2aAQqj8GZV4AaABAg,Who is here for IELTS listening task 4? ğŸ¥´ğŸ¥´,Ks-_Mh1QhMc,Unknown
UgzA8one9D7blRc0qe94AaABAg,Who watching 1 January 2025,Ks-_Mh1QhMc,Unknown
UgzGmQ7iBNHE1Z4FEPl4AaABAg,Watching in 2025,Ks-_Mh1QhMc,Unknown
Ugzow3_giEvKl9mrhfN4AaABAg,"Still midway to it, looks like a great talk, but I hate ""opinionated"" graphs that (if you look at them closely) starts at 0.5 instead of 0 so that the difference appears greater (11:48).",Ks-_Mh1QhMc,Unknown
Ugy7Z-rr_iqBIQ9hkgJ4AaABAg,Anyone from 2025ğŸ˜‚,Ks-_Mh1QhMc,Unknown
UgwW98NEM6qbTTq6Htx4AaABAg,"Halo, im from the future, 2024 hereğŸ˜ƒ",Ks-_Mh1QhMc,Unknown
UgxZ9q7jOTazTaVXpaB4AaABAg,I'm literally in your shoes ğŸ˜­,Ks-_Mh1QhMc,Unknown
UgyBXZC8AK507oJTZZN4AaABAg,ğŸ‘„,Ks-_Mh1QhMc,Unknown
Ugw6ODZsIh33Jfyiv_Z4AaABAg,"I' waste my time through social media, now I'm trying to learn something through",Ks-_Mh1QhMc,Unknown
UgzDFmYu0vmswXQQk-94AaABAg,"Interesting,",Ks-_Mh1QhMc,Unknown
UgyXOj0Fw0qiM6GkGd14AaABAg,OMG! I love your speech ğŸ¥°,Ks-_Mh1QhMc,Unknown
UgwDzbhbiDvAtpdwqOd4AaABAg,Fake it to become it ğŸ‘Š,Ks-_Mh1QhMc,Unknown
UgzmUCz_4ZwGV-iWkPR4AaABAg,Anyone 2025ğŸ˜‚ğŸ˜‚,Ks-_Mh1QhMc,Unknown
Ugzstn719inPI3Q4CIV4AaABAg,My favorite ted talk ever,Ks-_Mh1QhMc,Unknown
Ugzf8MXJ3pCaGaLRwd94AaABAg,"Do you know anything about you? If not, switch to 16:36 and repeat after her to realise who you are in this nature. ğŸ‰ğŸ‰",Ks-_Mh1QhMc,Unknown
UgwWAWgzZEYTy20sCYt4AaABAg,ğŸ™ŒğŸ½,Ks-_Mh1QhMc,Unknown
Ugzki2EmNkn1k4LR1tx4AaABAg,It's really powerful & works ğŸ’ª,Ks-_Mh1QhMc,Unknown
UgzN2IK2-jH1dvjLMlh4AaABAg,I watched this 10 yrs ago and this helped me a lot !,Ks-_Mh1QhMc,Unknown
UgzG2qyZPl-sPyzBRhV4AaABAg,Ya all be doing that diamond thing with yr hands next....,Ks-_Mh1QhMc,Unknown
UgzKNbz0XLt-mDsK0-N4AaABAg,Who are from Coursera app ?,Ks-_Mh1QhMc,Unknown
UgxD7fhYrXeK_NbOGY94AaABAg,Who is here after pinterest... suggestion ğŸŒ,Ks-_Mh1QhMc,Unknown
UgxIt2jmSpTJZumRe9d4AaABAg,Anyone in 2025 after insta reel,Ks-_Mh1QhMc,Unknown
UgwlxbqG5ttghT4FEgx4AaABAg,,Ks-_Mh1QhMc,Unknown
UgyIEF236KVFA7cFi-p4AaABAg,I'm watching this video in 2024 after watching the reels ğŸ˜…,Ks-_Mh1QhMc,Unknown
UgwhM8qQXh3DY4UyqO54AaABAg,I'm wuching this video now,Ks-_Mh1QhMc,Unknown
Ugxfk8PPHpY-XkcdUUV4AaABAg,I learned early on to act like I have charisma. Like I expected attention and special attention. Backing it up takes more nerve though. It works and can be used at will.,Ks-_Mh1QhMc,Unknown
Ugy3fkY3DO5iFq1aVHh4AaABAg,Man best advice in 2024 â€¦â€¦ just a couple a weeks away to start off 2025 with these tiny tweaksâ€¦.. letâ€™s GOOOOOOâ€¼ï¸ğŸ”¥ğŸ”¥ğŸ”¥,Ks-_Mh1QhMc,Unknown
Ugys9YtUKOxDIgmB-Qx4AaABAg,.,Ks-_Mh1QhMc,Unknown
UgzKqOyNgILnGoauMiV4AaABAg,These songs have a timeless charm Great job curating this,Ks-_Mh1QhMc,Unknown
UgwgeTyPFj5iofARJot4AaABAg,who else is doing this for a college public speaking class lmfao,Ks-_Mh1QhMc,Unknown
UgwcCUBmsv9WGDzrliF4AaABAg,She needs to drink water very much,Ks-_Mh1QhMc,Unknown
Ugwlj8msRbb0PAsPqIt4AaABAg,"I showed this video to my students in the Class, and now they are showing me attitude as if they are the principals of the school. It backfired for me! ğŸ˜…",Ks-_Mh1QhMc,Unknown
UgwhAxYNcRWQKCBj0xZ4AaABAg,Awesome video,Ks-_Mh1QhMc,Unknown
UgxgtOSZTQYbpeNaHyd4AaABAg,"Wohhhh maravilloso Ammy, yo peleÃ³ conmigo misma y mis dudas y miedos me ganan!!
GraciasğŸ’, lo haremos con mis hijosâ¤ğŸ‰",Ks-_Mh1QhMc,Unknown
Ugxdq0EbkP3TMEj9gtZ4AaABAg,"I love this ted talk to much, she is so brilliant",Ks-_Mh1QhMc,Unknown
UgyEHTWFBuImsDcU_Ax4AaABAg,"Will try the Wonderwomen right away, thanks for the great talk â¤",Ks-_Mh1QhMc,Unknown
UgxBdUxdmElklgskqER4AaABAg,Anyone in 2025,Ks-_Mh1QhMc,Unknown
Ugx0lJiTZUWMN06jOA54AaABAg,"Very informative 
Tiny tweak leads to big changes â¤â¤â¤",Ks-_Mh1QhMc,Unknown
UgzHWZoNZrwnfpUICnh4AaABAg,â¤,Ks-_Mh1QhMc,Unknown
UgxsI49uRi1fENdA6up4AaABAg,beautiful story,Ks-_Mh1QhMc,Unknown
Ugzwuhiw_rGGJ4HUvM14AaABAg,"This power pose has been thoroughly debunked!!  It's now the classic example of the replication crisis in psychology, with opaque research, biased reporting, and fraudulent publishing.",Ks-_Mh1QhMc,Unknown
UgwO0QFb9gXf7wYipXB4AaABAg,Anyone in 2025,Ks-_Mh1QhMc,Unknown
UgzCDFm22Q_RENQnq-V4AaABAg,15:40,Ks-_Mh1QhMc,Unknown
Ugy3fYv-psXBkMZCOEh4AaABAg,Good ğŸ‘,Ks-_Mh1QhMc,Unknown
UgwnTLpWs_i0v5lFCuh4AaABAg,âœ¨,Ks-_Mh1QhMc,Unknown
Ugwl4pETkS9Yp0zbF3x4AaABAg,Successful success from the successful successor for successful successors. I am done,Ks-_Mh1QhMc,Unknown
Ugwdyi2vuh7rtY76KEh4AaABAg,Top content ğŸ‘Œ,Ks-_Mh1QhMc,Unknown
UgxvySiB4YVK53orbvZ4AaABAg,Literally everything you said in here was either proven wrong or gone over better by someone else. Please stick to homeschooling your children,Ks-_Mh1QhMc,Unknown
UgyVArx5AcaK_3r8tKJ4AaABAg,What an idiot,Ks-_Mh1QhMc,Unknown
UgxshCGWdeAIk_Xw55t4AaABAg,"I notice something being the master of nonverbals ,she is touching her face to soth herself ğŸ˜…",Ks-_Mh1QhMc,Unknown
UgzUh-XuAMCrSE5WSC94AaABAg,"This is not a true discover. In tibetan and Indian yoga the way you move your body products a certain type of mental/emotional reaction. It's related to the nadis (""lung"" in tibetan) and their movements in the body. This is known from 10.000 years. And it's also known how to move that type of subtle energy in the body through postures (asana) and breath,",Ks-_Mh1QhMc,Unknown
Ugy53hznBPsw-pqF1YJ4AaABAg,So this happened.,Ks-_Mh1QhMc,Unknown
UgyWmmLlzQyNsunl9t14AaABAg,"that is only an observation, far different than reality,for a person the moods are formed by numbers of decisive situations, which happens through the ways he comes through,  meaning in one second he may be demeaned the very next second he becomes powerful..if you dont trust me , pinch a very submissive man n see his masculinity the very next second ğŸ˜‚ğŸ˜‚",Ks-_Mh1QhMc,Unknown
UgxG0lAwq8CGpwt38-94AaABAg,Rhomboids Rhomboids Rhomboids,Ks-_Mh1QhMc,Unknown
UgwKK6xYRtUg2Mb4UUB4AaABAg,"It's nice how this talk was recommended by an interesting book like ""camminare a testa alta"" in Italian but really magical in the sense of internal change after I applied the concepts to walking.",Ks-_Mh1QhMc,Unknown
UgwqMW_0afimrUJXyHJ4AaABAg,â¤,Ks-_Mh1QhMc,Unknown
UgzvvxbmzadcaJsI5Pp4AaABAg,"Fahmi Zaki Achmad 
NPM : 24082010121

Computer scientist Jennifer Golbeck discusses the progress of AI, challenging claims about AGI and its threats. She argues that reliability and hallucinations are major hurdles, and that AI is unlikely to replace human jobs or achieve human-like intelligence. and I think AI is a double-edged sword, so we have to be wise in using it",Ks-_Mh1QhMc,Unknown
Ugz6BfgiF9nqe2w1bnx4AaABAg,"When it is complete rubbish, your content will be watched tens of millions.",Ks-_Mh1QhMc,Unknown
Ugx0167jeF1BjmpCCT14AaABAg,"Itâ€˜ll never seize to amaze me how much confidence these hucksters have, selling their garbage science. It was not intuitive to assume that power poses would make a difference so the burden of proof should have been extra high. Yet, somehow years later this crackpot theory has been thoroughly debunked with no repercussions for the fraudster whatsoever and this video is still up with no disclaimer.",Ks-_Mh1QhMc,Unknown
UgwncRVQ_Lj7q4hDZiJ4AaABAg,"One of the life changing speech I ever listened in my life,
 2 minutes equal to high testosterone release then, Amazing Output from a Exactly Same person , Thank You So Much Madam...ğŸ˜‡ğŸ‘ŒğŸ’£",Ks-_Mh1QhMc,Unknown
UgyT6p0H2UnEj-mSBpJ4AaABAg,Who Came here after a random reel in Instagram ğŸ˜†,Ks-_Mh1QhMc,Unknown
UgwMdowDZR039pA4UVR4AaABAg,Wer ist auch wegen Lauren Angela DE hier?,Ks-_Mh1QhMc,Unknown
UgzXFJRoMb684E00IIh4AaABAg,â¤thank you,Ks-_Mh1QhMc,Unknown
UgzCKLvId246bpTNHvV4AaABAg,ğŸ‘ğŸ‘ğŸ‘,Ks-_Mh1QhMc,Unknown
Ugy81mVp6OyEdPKKFot4AaABAg,I watched for enhance my english but While I watch this video I divide into it. I cried too at the and I also not belonging to,Ks-_Mh1QhMc,Unknown
UgyvV2pUIJMMYDH3awd4AaABAg,ğŸ‘„ğŸ‘…ğŸ”ŠğŸ˜•,Ks-_Mh1QhMc,Unknown
UgyG-TJfwJPmUxuRaSt4AaABAg,Anyone 2024 ğŸ˜‚,Ks-_Mh1QhMc,Unknown
UgynPLrj8grF2ttd9_94AaABAg,Ä°N FACT THE Ä°MPORTANCE OF THÄ°S PODCAST SOURCÄ°NG BY Ä°TS LANGUAGE BECAUSE OF I AM Ä°N A LANGUAGE JOURNEY AND SO FAR I VE EXPERÄ°ENCE Ä°T MOST OF STUFF,Ks-_Mh1QhMc,Unknown
UgzhjcR4caHpLsQgolh4AaABAg,"4:10 Animals & Gesture
5:25 complement (it how affects others)
7:10 fake it until you make it
7:25 can nonverbals gonvern ourselves?
7:50 Example
9:30 hormones
Role change
10:00 - 13:00 Experiment
12:50 affect lives in a meaningful way
15:10 presence is important
15:47 body -> mind -> behavior -> outcome
19:33 fake it until you become it
19:40 tiny -> sth big",Ks-_Mh1QhMc,Unknown
UgwPsm0LrAb0vwege5B4AaABAg,"After reading ""Master Your Emotions""",Ks-_Mh1QhMc,Unknown
UgwNW4QmN5rP2W1aAU54AaABAg,I'm Brazilian and I really love to study body language! Perfect video!!,Ks-_Mh1QhMc,Unknown
Ugy9h8L86VbAsoBMENZ4AaABAg,taga san school po si ate,Ks-_Mh1QhMc,Unknown
UgzKzGVEShK9aXIZO654AaABAg,Who watching this in 2024ğŸ˜¹,Ks-_Mh1QhMc,Unknown
UgyBH1V6X0_cgCNeGKV4AaABAg,Fake it till you become it,Ks-_Mh1QhMc,Unknown
Ugyzdb47aD-02n94mZN4AaABAg,ğŸ˜‚Insta random reel ğŸ˜‚,Ks-_Mh1QhMc,Unknown
UgyWKCyP0TdnXyAsJO14AaABAg,Like,Ks-_Mh1QhMc,Unknown
UgxMWiEj1nCH4VyGfoh4AaABAg,Thank you. Wow.,Ks-_Mh1QhMc,Unknown
UgyzRlCBaVnlyFwL3UF4AaABAg,*sniff,Ks-_Mh1QhMc,Unknown
Ugyx1Q7dQ23iqpKXzUF4AaABAg,"Alan Watts used to talk about Goo People and Prickly People. Cortisol is Goo, Testosterone is Prickly. Find a Balance ğŸŒŒâ˜¯ï¸ğŸŒŒ",Ks-_Mh1QhMc,Unknown
UgxT57tko28zMTqN26B4AaABAg,My tongue barely didn't R.I.P. while I was trying to shadow her words for 5 minutes I even set 0.75x but even at this speed she keeps saying 5-10 words at one second,Ks-_Mh1QhMc,Unknown
UgwStxhUgiW0r_ZkA494AaABAg,Perfect ğŸ‘ğŸ»ğŸ‘ğŸ»ğŸ‘ğŸ»ğŸ‘ğŸ»ğŸ¤¯,Ks-_Mh1QhMc,Unknown
UgyJ6SKyGn4MiKJ10nJ4AaABAg,ğŸ‰ğŸ‰â¤,Ks-_Mh1QhMc,Unknown
Ugxtcon2Qw6KvjvKVqp4AaABAg,"Me llegÃ³ al corazÃ³n ğŸ«¶ 
Llevo dos paÃ­ses tratando de encontrarme o hacer un lugar para miâœ¨",Ks-_Mh1QhMc,Unknown
Ugx3VnOtkL6S5LRILDR4AaABAg,"12 years back i was 15ğŸ˜¢
Some words are great assets realised us that we are getting older
(This video is 12 year old)DreamğŸ›Œ",Ks-_Mh1QhMc,Unknown
UgwcxEFdzhpTOVn7PG94AaABAg,Confident body language...open arms makes u feel powerful...be confident walk like a ğŸ‘‘,Ks-_Mh1QhMc,Unknown
UgxWkdvWgyP78hPpR894AaABAg,you are amazing Amy,Ks-_Mh1QhMc,Unknown
UgzItAp2r679OwUdFAp4AaABAg,Excelente!,Ks-_Mh1QhMc,Unknown
Ugx2uJo9oF0nqMOV2_14AaABAg,"ğŸ¯ğŸ’ğŸ† Great insightful & fruitful video ğŸ†ğŸ’ğŸ¯

à¤²à¥‹à¤•à¤ƒ à¤¸à¤®à¤¸à¥à¤¤à¤¾à¤ƒ à¤¸à¥à¤–à¤¿à¤¨à¥‹ à¤­à¤µà¤¨à¥à¤¤à¥
( May all beings lead prosperous life across Globe ğŸŒ )",Ks-_Mh1QhMc,Unknown
UgxUscF4ZnyRRKwzWGZ4AaABAg,Ohm The girl is share knowledge very great.,Ks-_Mh1QhMc,Unknown
UgwgYURC6cG4IH2qBK94AaABAg,Ye Hindi language mein mil skta h ky,Ks-_Mh1QhMc,Unknown
UgwzTNGlC4kDYxcbXX94AaABAg,"ğŸ¯ Key points for quick navigation:

00:00:00 *ğŸ•’ Amy Cuddy introduces the idea of a quick, no-technology ""life hack"" that involves changing your posture for two minutes to positively impact your life.*
00:01:07 *ğŸ” People's body language can significantly influence how they are judged in various aspects of life, from professional hiring to personal interactions.*
01:35:00 *âœ‹ A handshakeâ€”or the absence of oneâ€”can spark enduring discussions, highlighting the importance of nonverbal communication.*
02:04:00 *ğŸ§  Body language affects not only how others perceive us but also how we perceive ourselves, altering our thoughts and feelings.*
02:32:00 *ğŸ‘©â€âš•ï¸ Studies show that even brief visual cues from nonverbal behavior can predict significant outcomes, such as the likelihood of a doctor being sued.*
03:00:00 *âš–ï¸ Judgments based on political candidates' appearances in brief moments can forecast electoral outcomes with high accuracy.*
03:30:00 *ğŸ¤” Nonverbal expressions influence not only others' perceptions but can also have a profound effect on our own self-perception and psychology.*
04:00:00 *ğŸ¦ Power dynamics are expressed through expansive postures across the animal kingdom, including in humans.*
04:30:00 *ğŸ† Expressions of power, such as pride, are innate and consistent across cultures and even in individuals without sight.*
05:29:00 *ğŸ’¼ In a classroom context, MBA students exhibit a wide range of power nonverbals, with noticeable differences between genders and the impact on participation.*
07:23 *ğŸ˜ƒ Mimicking expressions, like smiling, can influence feelings and behaviors, supporting the idea that our bodies can shape our minds.*
08:22 *ğŸ§¬ Powerful individuals exhibit distinct psychological and physiological traits, notably different levels of testosterone and cortisol.*
09:20 *ğŸ¦¸â€â™‚ï¸ ""Fake it till you become it"" suggests that embodying power can lead to genuine psychological changes and increased confidence.*
10:18 *ğŸ§ª Brief power-posing experiments lead to significant hormonal changes, impacting risk tolerance and stress levels after only two minutes.*
12:43 *ğŸ’ª Power-posing before evaluative situations can improve oneâ€™s sense of confidence and expressive presence.*
16:03 *ğŸš— Cuddy shares a personal story of overcoming feelings of inadequacy and impostor syndrome following a life-changing accident.*
19:27 *ğŸŒŸ Embrace small adjustments for profound impact, using power poses to harness personal growth and self-assurance.*
20:25 *ğŸ™Œ Cuddy encourages sharing the science of power-posing, emphasizing its accessibility and usefulness for everyone, particularly those with fewer resources.*

Made with HARPA AI",Ks-_Mh1QhMc,Unknown
Ugwt4VYvwZBqqn9VR5p4AaABAg,"Inspirador e prÃ¡tico, Ã© essencial para falar com confianÃ§a.",Ks-_Mh1QhMc,Unknown
UgwZgdHMTHYQDQM20kF4AaABAg,18.30minğŸ’”â¤ï¸â€ğŸ©¹,Ks-_Mh1QhMc,Unknown
Ugw7r2yjTypL_PmaxDh4AaABAg,â¤â¤â¤,Ks-_Mh1QhMc,Unknown
Ugz2QuwS8cKCNj5X4Jl4AaABAg,When this video was uploaded i was just 6 years old â¤,Ks-_Mh1QhMc,Unknown
UgwuLiE5WojSVcf2OoR4AaABAg,Moore Patricia Walker Deborah Wilson Eric,Ks-_Mh1QhMc,Unknown
UgweppUzvpPqR1IBi9d4AaABAg,Ls Lab k liye koun koun dekh rha haiğŸ˜‚,Ks-_Mh1QhMc,Unknown
UgyejN9pbgupt8vnxNZ4AaABAg,Simplesmente fantÃ¡stico!,Ks-_Mh1QhMc,Unknown
UgyumeNnm1SxafmYVyF4AaABAg,I'm gonna fake everything from now,Ks-_Mh1QhMc,Unknown
UgwjMnrgAKzLMKAJD4p4AaABAg,Fake it till you become it,Ks-_Mh1QhMc,Unknown
UgxOca7HD7t4VaTeCSR4AaABAg,Anyone from 2026?,Ks-_Mh1QhMc,Unknown
Ugx4yYi8WIguzCe_sdZ4AaABAg,Any one watch tamil nadu ğŸ™Œ,Ks-_Mh1QhMc,Unknown
UgyD_oxgg3pvocx9EJt4AaABAg,Amy is a Great Speaker 'please check out the videos she shared on her health  you will appreciate her tenacity 'determination and Resilience  a  sniff is nothing to worry about ğŸ˜ŠHer speech is Awesome,Ks-_Mh1QhMc,Unknown
UgyIS3Ktg3yNemYGO-d4AaABAg,Ğ¯ Ğ² ÑĞ»ĞµĞ·Ğ°Ñ…â¤,Ks-_Mh1QhMc,Unknown
UgwNM0ciUFBQfC6mtzV4AaABAg,Anyone here in 2024 ğŸ˜…,Ks-_Mh1QhMc,Unknown
UgxbWIibTW9BTi2N8NB4AaABAg,18:00,Ks-_Mh1QhMc,Unknown
Ugy55fEXIxSw3f8n_EN4AaABAg,"So , 2024 oct?",Ks-_Mh1QhMc,Unknown
UgzmYUipAy4uMw-yK3V4AaABAg,Did you get suggestion from the reel ? ğŸ˜…,Ks-_Mh1QhMc,Unknown
UgzU0UtLkmfeKUTtfCR4AaABAg,A first TED that i watched that I actually made me cry,Ks-_Mh1QhMc,Unknown
Ugx1SEJg2ESwlbl7xAF4AaABAg,This was very powerful â¤,Ks-_Mh1QhMc,Unknown
UgwhjNNN3Ly2FmbxBJd4AaABAg,"I recently gave myself a new habit/daily task to watch one TED talk each weekday in the morning before starting work. I come to the channel, sort the videos by popularity, and watch the next one down the list. The talks before this are very popular for good reasons (mostly) and the information they share is validly helpful, but this one, this one shattered me. This one grabbed 48-years of struggle, 48-years of feeling invisible and powerless, and showed me a different way. Obviously, it's not a magic pill, and I won't be interviewing for CEO of a Fortune 500 company next week (not that I would want to anyway,) but Ann gave us physical, tangible things to do, things to pay attention to, that have proven to help, even in the slightest of manners. Thanks for this, to TED, to Ann Cuddy, and everyone who had a part in the process.",Ks-_Mh1QhMc,Unknown
UgwQArc0eHZSxuEfKo14AaABAg,I come from seen NVIDIA ceo interview ğŸ¤ğŸ˜…,Ks-_Mh1QhMc,Unknown
UgxP70nSQKee9szHjSR4AaABAg,Why she's not taking pause ğŸ˜­,Ks-_Mh1QhMc,Unknown
UgwNNOixrJaper_uUxV4AaABAg,Make sure to watch from the very beginning to truly feel her story unfold at 16:05,Ks-_Mh1QhMc,Unknown
